route,week_of,cost_per_tonne_km,vs_own_history,vs_similar_routes,flagged,matched_note_id,reason
Ahmedabad-Mumbai,2024-01-01,2.5,N/A,-3.9% vs similar-length routes this week,No,,No significant cost increase detected against the configured anomaly threshold.
Ahmedabad-Mumbai,2024-01-08,2.57,+3.1% vs this route's past average,-4.8% vs similar-length routes this week,No,,No significant cost increase detected against the configured anomaly threshold.
Ahmedabad-Mumbai,2024-01-15,2.57,+1.2% vs this route's past average,-0.8% vs similar-length routes this week,No,,No significant cost increase detected against the configured anomaly threshold.
Ahmedabad-Mumbai,2024-01-22,2.67,+4.9% vs this route's past average,-0.2% vs similar-length routes this week,No,,No significant cost increase detected against the configured anomaly threshold.
Ahmedabad-Mumbai,2024-01-29,2.49,-3.2% vs this route's past average,-6.2% vs similar-length routes this week,No,,No significant cost increase detected against the configured anomaly threshold.
Ahmedabad-Mumbai,2024-02-05,2.54,-0.6% vs this route's past average,-4.9% vs similar-length routes this week,No,,No significant cost increase detected against the configured anomaly threshold.
Ahmedabad-Mumbai,2024-02-12,2.48,-3.2% vs this route's past average,-9.6% vs similar-length routes this week,No,,No significant cost increase detected against the configured anomaly threshold.
Ahmedabad-Mumbai,2024-02-19,2.48,-2.7% vs this route's past average,-8.1% vs similar-length routes this week,No,,No significant cost increase detected against the configured anomaly threshold.
Ahmedabad-Mumbai,2024-02-26,2.57,+1.2% vs this route's past average,-2.6% vs similar-length routes this week,No,,No significant cost increase detected against the configured anomaly threshold.
Ahmedabad-Mumbai,2024-03-04,2.52,-0.9% vs this route's past average,-2.0% vs similar-length routes this week,No,,No significant cost increase detected against the configured anomaly threshold.
Ahmedabad-Mumbai,2024-03-11,2.62,+3.2% vs this route's past average,-3.6% vs similar-length routes this week,No,,No significant cost increase detected against the configured anomaly threshold.
Ahmedabad-Mumbai,2024-03-18,2.53,-0.8% vs this route's past average,-4.4% vs similar-length routes this week,No,,No significant cost increase detected against the configured anomaly threshold.
Ahmedabad-Mumbai,2024-03-25,2.65,+4.7% vs this route's past average,-2.1% vs similar-length routes this week,No,,No significant cost increase detected against the configured anomaly threshold.
Ahmedabad-Mumbai,2024-04-01,2.56,+0.4% vs this route's past average,-2.1% vs similar-length routes this week,No,,No significant cost increase detected against the configured anomaly threshold.
Ahmedabad-Mumbai,2024-04-08,2.59,+1.7% vs this route's past average,-2.3% vs similar-length routes this week,No,,No significant cost increase detected against the configured anomaly threshold.
Ahmedabad-Mumbai,2024-04-15,2.46,-4.1% vs this route's past average,-7.2% vs similar-length routes this week,No,,No significant cost increase detected against the configured anomaly threshold.
Ahmedabad-Mumbai,2024-04-22,2.68,+4.5% vs this route's past average,+4.3% vs similar-length routes this week,No,,No significant cost increase detected against the configured anomaly threshold.
Ahmedabad-Mumbai,2024-04-29,2.52,-2.1% vs this route's past average,-4.3% vs similar-length routes this week,No,,No significant cost increase detected against the configured anomaly threshold.
Ahmedabad-Mumbai,2024-05-06,2.6,+1.0% vs this route's past average,-0.4% vs similar-length routes this week,No,,No significant cost increase detected against the configured anomaly threshold.
Ahmedabad-Mumbai,2024-05-13,2.65,+3.2% vs this route's past average,-0.0% vs similar-length routes this week,No,,No significant cost increase detected against the configured anomaly threshold.
Ahmedabad-Mumbai,2024-05-20,2.58,-0.3% vs this route's past average,-4.5% vs similar-length routes this week,No,,No significant cost increase detected against the configured anomaly threshold.
Ahmedabad-Mumbai,2024-05-27,2.49,-3.3% vs this route's past average,-6.3% vs similar-length routes this week,No,,No significant cost increase detected against the configured anomaly threshold.
Ahmedabad-Mumbai,2024-06-03,2.48,-3.4% vs this route's past average,-7.3% vs similar-length routes this week,No,,No significant cost increase detected against the configured anomaly threshold.
Ahmedabad-Mumbai,2024-06-10,2.44,-4.5% vs this route's past average,-3.9% vs similar-length routes this week,No,,No significant cost increase detected against the configured anomaly threshold.
Ahmedabad-Mumbai,2024-06-17,2.51,-1.8% vs this route's past average,-6.8% vs similar-length routes this week,No,,No significant cost increase detected against the configured anomaly threshold.
Ahmedabad-Mumbai,2024-06-24,2.62,+3.3% vs this route's past average,-2.2% vs similar-length routes this week,No,,No significant cost increase detected against the configured anomaly threshold.
Ahmedabad-Mumbai,2024-07-01,2.62,+3.0% vs this route's past average,-0.9% vs similar-length routes this week,No,,No significant cost increase detected against the configured anomaly threshold.
Ahmedabad-Mumbai,2024-07-08,2.59,+1.4% vs this route's past average,-2.4% vs similar-length routes this week,No,,No significant cost increase detected against the configured anomaly threshold.
Ahmedabad-Mumbai,2024-07-15,2.56,+0.6% vs this route's past average,-6.3% vs similar-length routes this week,No,,No significant cost increase detected against the configured anomaly threshold.
Ahmedabad-Mumbai,2024-07-22,2.52,-0.6% vs this route's past average,-4.9% vs similar-length routes this week,No,,No significant cost increase detected against the configured anomaly threshold.
Ahmedabad-Mumbai,2024-07-29,2.44,-4.2% vs this route's past average,-9.0% vs similar-length routes this week,No,,No significant cost increase detected against the configured anomaly threshold.
Ahmedabad-Mumbai,2024-08-05,2.51,-0.9% vs this route's past average,-5.1% vs similar-length routes this week,No,,No significant cost increase detected against the configured anomaly threshold.
Ahmedabad-Mumbai,2024-08-12,2.44,-4.1% vs this route's past average,-8.8% vs similar-length routes this week,No,,No significant cost increase detected against the configured anomaly threshold.
Ahmedabad-Mumbai,2024-08-19,2.66,+4.8% vs this route's past average,-1.3% vs similar-length routes this week,No,,No significant cost increase detected against the configured anomaly threshold.
Ahmedabad-Mumbai,2024-08-26,2.58,+1.3% vs this route's past average,-0.6% vs similar-length routes this week,No,,No significant cost increase detected against the configured anomaly threshold.
Ahmedabad-Mumbai,2024-09-02,2.51,-1.1% vs this route's past average,-1.7% vs similar-length routes this week,No,,No significant cost increase detected against the configured anomaly threshold.
Ahmedabad-Mumbai,2024-09-09,2.51,-0.8% vs this route's past average,-5.2% vs similar-length routes this week,No,,No significant cost increase detected against the configured anomaly threshold.
Ahmedabad-Mumbai,2024-09-16,2.59,+2.6% vs this route's past average,-3.3% vs similar-length routes this week,No,,No significant cost increase detected against the configured anomaly threshold.
Ahmedabad-Mumbai,2024-09-23,2.48,-1.9% vs this route's past average,-7.2% vs similar-length routes this week,No,,No significant cost increase detected against the configured anomaly threshold.
Ahmedabad-Mumbai,2024-09-30,2.49,-1.8% vs this route's past average,-6.7% vs similar-length routes this week,No,,No significant cost increase detected against the configured anomaly threshold.
Ahmedabad-Mumbai,2024-10-07,2.49,-1.6% vs this route's past average,-7.9% vs similar-length routes this week,No,,No significant cost increase detected against the configured anomaly threshold.
Ahmedabad-Mumbai,2024-10-14,2.47,-2.6% vs this route's past average,-5.8% vs similar-length routes this week,No,,No significant cost increase detected against the configured anomaly threshold.
Ahmedabad-Mumbai,2024-10-21,2.56,+1.6% vs this route's past average,-5.3% vs similar-length routes this week,No,,No significant cost increase detected against the configured anomaly threshold.
Ahmedabad-Mumbai,2024-10-28,2.67,+6.4% vs this route's past average,+4.3% vs similar-length routes this week,No,,No significant cost increase detected against the configured anomaly threshold.
Ahmedabad-Mumbai,2024-11-04,2.52,-0.4% vs this route's past average,-4.7% vs similar-length routes this week,No,,No significant cost increase detected against the configured anomaly threshold.
Ahmedabad-Mumbai,2024-11-11,2.58,+2.0% vs this route's past average,-3.5% vs similar-length routes this week,No,,No significant cost increase detected against the configured anomaly threshold.
Ahmedabad-Mumbai,2024-11-18,2.59,+2.4% vs this route's past average,-2.4% vs similar-length routes this week,No,,No significant cost increase detected against the configured anomaly threshold.
Ahmedabad-Mumbai,2024-11-25,2.6,+1.9% vs this route's past average,-4.2% vs similar-length routes this week,No,,No significant cost increase detected against the configured anomaly threshold.
Ahmedabad-Mumbai,2024-12-02,2.5,-2.5% vs this route's past average,-5.7% vs similar-length routes this week,No,,No significant cost increase detected against the configured anomaly threshold.
Ahmedabad-Mumbai,2024-12-09,2.49,-3.0% vs this route's past average,-3.6% vs similar-length routes this week,No,,No significant cost increase detected against the configured anomaly threshold.
Ahmedabad-Mumbai,2024-12-16,2.45,-4.3% vs this route's past average,-7.0% vs similar-length routes this week,No,,No significant cost increase detected against the configured anomaly threshold.
Ahmedabad-Mumbai,2024-12-23,2.63,+3.2% vs this route's past average,-3.4% vs similar-length routes this week,No,,No significant cost increase detected against the configured anomaly threshold.
Ahmedabad-Mumbai,2024-12-30,2.55,+0.1% vs this route's past average,-5.0% vs similar-length routes this week,No,,No significant cost increase detected against the configured anomaly threshold.
Ahmedabad-Mumbai,2025-01-06,2.51,-1.4% vs this route's past average,-3.9% vs similar-length routes this week,No,,No significant cost increase detected against the configured anomaly threshold.
Ahmedabad-Mumbai,2025-01-13,2.6,+2.6% vs this route's past average,-0.2% vs similar-length routes this week,No,,No significant cost increase detected against the configured anomaly threshold.
Ahmedabad-Mumbai,2025-01-20,3.29,+29.5% vs this route's past average,+22.5% vs similar-length routes this week,No (justified),N002,"The cost increase for the Ahmedabad‑Mumbai route in week 2025‑01‑20 (cost per tonne‑km 3.29, +29.5% vs own 8‑week history and +22.5% vs similar routes) is supported by Note N002, which states that a temporary surcharge was applied by transporters on this corridor during a regional festival week due to high demand and limited truck availability."
Ahmedabad-Mumbai,2025-01-27,2.46,-6.4% vs this route's past average,-7.3% vs similar-length routes this week,No,,No significant cost increase detected against the configured anomaly threshold.
Ahmedabad-Mumbai,2025-02-03,2.49,-4.9% vs this route's past average,-4.6% vs similar-length routes this week,No,,No significant cost increase detected against the configured anomaly threshold.
Ahmedabad-Mumbai,2025-02-10,2.44,-6.9% vs this route's past average,-8.7% vs similar-length routes this week,No,,No significant cost increase detected against the configured anomaly threshold.
Ahmedabad-Mumbai,2025-02-17,2.51,-4.4% vs this route's past average,-8.6% vs similar-length routes this week,No,,No significant cost increase detected against the configured anomaly threshold.
Ahmedabad-Mumbai,2025-02-24,2.5,-4.0% vs this route's past average,-19.8% vs similar-length routes this week,No,,No significant cost increase detected against the configured anomaly threshold.
Ahmedabad-Mumbai,2025-03-03,2.59,-0.4% vs this route's past average,-15.8% vs similar-length routes this week,No,,No significant cost increase detected against the configured anomaly threshold.
Ahmedabad-Mumbai,2025-03-10,2.64,+1.0% vs this route's past average,-15.9% vs similar-length routes this week,No,,No significant cost increase detected against the configured anomaly threshold.
Ahmedabad-Mumbai,2025-03-17,2.66,+1.6% vs this route's past average,-11.5% vs similar-length routes this week,No,,No significant cost increase detected against the configured anomaly threshold.
Ahmedabad-Mumbai,2025-03-24,2.44,-4.0% vs this route's past average,-8.3% vs similar-length routes this week,No,,No significant cost increase detected against the configured anomaly threshold.
Ahmedabad-Mumbai,2025-03-31,2.61,+3.2% vs this route's past average,-3.7% vs similar-length routes this week,No,,No significant cost increase detected against the configured anomaly threshold.
Ahmedabad-Mumbai,2025-04-07,2.49,-2.1% vs this route's past average,-6.2% vs similar-length routes this week,No,,No significant cost increase detected against the configured anomaly threshold.
Ahmedabad-Mumbai,2025-04-14,2.45,-4.3% vs this route's past average,-7.2% vs similar-length routes this week,No,,No significant cost increase detected against the configured anomaly threshold.
Ahmedabad-Mumbai,2025-04-21,2.59,+1.8% vs this route's past average,-0.0% vs similar-length routes this week,No,,No significant cost increase detected against the configured anomaly threshold.
Ahmedabad-Mumbai,2025-04-28,2.65,+3.6% vs this route's past average,+0.6% vs similar-length routes this week,No,,No significant cost increase detected against the configured anomaly threshold.
Ahmedabad-Mumbai,2025-05-05,2.59,+1.1% vs this route's past average,-8.8% vs similar-length routes this week,No,,No significant cost increase detected against the configured anomaly threshold.
Ahmedabad-Mumbai,2025-05-12,2.61,+1.7% vs this route's past average,-6.7% vs similar-length routes this week,No,,No significant cost increase detected against the configured anomaly threshold.
Ahmedabad-Mumbai,2025-05-19,2.63,+3.1% vs this route's past average,-5.7% vs similar-length routes this week,No,,No significant cost increase detected against the configured anomaly threshold.
Ahmedabad-Mumbai,2025-05-26,2.62,+1.5% vs this route's past average,-6.9% vs similar-length routes this week,No,,No significant cost increase detected against the configured anomaly threshold.
Ahmedabad-Mumbai,2025-06-02,2.64,+2.4% vs this route's past average,-6.0% vs similar-length routes this week,No,,No significant cost increase detected against the configured anomaly threshold.
Ahmedabad-Mumbai,2025-06-09,2.75,+5.7% vs this route's past average,-0.6% vs similar-length routes this week,No,,No significant cost increase detected against the configured anomaly threshold.
Ahmedabad-Mumbai,2025-06-16,2.81,+6.7% vs this route's past average,+0.1% vs similar-length routes this week,No,,No significant cost increase detected against the configured anomaly threshold.
Ahmedabad-Mumbai,2025-06-23,2.8,+5.1% vs this route's past average,+1.2% vs similar-length routes this week,No,,No significant cost increase detected against the configured anomaly threshold.
Ahmedabad-Mumbai,2025-06-30,2.71,+1.1% vs this route's past average,-1.7% vs similar-length routes this week,No,,No significant cost increase detected against the configured anomaly threshold.
Ahmedabad-Mumbai,2025-07-07,2.69,-0.4% vs this route's past average,-6.9% vs similar-length routes this week,No,,No significant cost increase detected against the configured anomaly threshold.
Ahmedabad-Mumbai,2025-07-14,2.69,-0.6% vs this route's past average,-2.6% vs similar-length routes this week,No,,No significant cost increase detected against the configured anomaly threshold.
Ahmedabad-Mumbai,2025-07-21,2.8,+3.1% vs this route's past average,-1.3% vs similar-length routes this week,No,,No significant cost increase detected against the configured anomaly threshold.
Ahmedabad-Mumbai,2025-07-28,2.68,-2.1% vs this route's past average,-2.4% vs similar-length routes this week,No,,No significant cost increase detected against the configured anomaly threshold.
Ahmedabad-Mumbai,2025-08-04,2.67,-2.6% vs this route's past average,-4.7% vs similar-length routes this week,No,,No significant cost increase detected against the configured anomaly threshold.
Ahmedabad-Mumbai,2025-08-11,2.63,-3.8% vs this route's past average,-6.1% vs similar-length routes this week,No,,No significant cost increase detected against the configured anomaly threshold.
Ahmedabad-Mumbai,2025-08-18,2.61,-3.6% vs this route's past average,-8.5% vs similar-length routes this week,No,,No significant cost increase detected against the configured anomaly threshold.
Ahmedabad-Mumbai,2025-08-25,2.62,-2.2% vs this route's past average,-7.7% vs similar-length routes this week,No,,No significant cost increase detected against the configured anomaly threshold.
Ahmedabad-Mumbai,2025-09-01,2.71,+1.5% vs this route's past average,-2.1% vs similar-length routes this week,No,,No significant cost increase detected against the configured anomaly threshold.
Ahmedabad-Mumbai,2025-09-08,2.63,-1.9% vs this route's past average,-4.9% vs similar-length routes this week,No,,No significant cost increase detected against the configured anomaly threshold.
Ahmedabad-Mumbai,2025-09-15,2.8,+5.0% vs this route's past average,-2.8% vs similar-length routes this week,No,,No significant cost increase detected against the configured anomaly threshold.
Ahmedabad-Mumbai,2025-09-22,2.64,-0.9% vs this route's past average,-5.5% vs similar-length routes this week,No,,No significant cost increase detected against the configured anomaly threshold.
Ahmedabad-Mumbai,2025-09-29,2.7,+1.5% vs this route's past average,-5.7% vs similar-length routes this week,No,,No significant cost increase detected against the configured anomaly threshold.
Ahmedabad-Mumbai,2025-10-06,2.75,+3.0% vs this route's past average,-2.8% vs similar-length routes this week,No,,No significant cost increase detected against the configured anomaly threshold.
Ahmedabad-Mumbai,2025-10-13,2.72,+1.4% vs this route's past average,-2.0% vs similar-length routes this week,No,,No significant cost increase detected against the configured anomaly threshold.
Ahmedabad-Mumbai,2025-10-20,2.74,+1.7% vs this route's past average,-1.0% vs similar-length routes this week,No,,No significant cost increase detected against the configured anomaly threshold.
Ahmedabad-Mumbai,2025-10-27,2.67,-1.6% vs this route's past average,-4.0% vs similar-length routes this week,No,,No significant cost increase detected against the configured anomaly threshold.
Ahmedabad-Mumbai,2025-11-03,2.74,+1.3% vs this route's past average,-3.7% vs similar-length routes this week,No,,No significant cost increase detected against the configured anomaly threshold.
Ahmedabad-Mumbai,2025-11-10,2.61,-4.2% vs this route's past average,-7.4% vs similar-length routes this week,No,,No significant cost increase detected against the configured anomaly threshold.
Ahmedabad-Mumbai,2025-11-17,2.75,+1.9% vs this route's past average,-1.2% vs similar-length routes this week,No,,No significant cost increase detected against the configured anomaly threshold.
Ahmedabad-Mumbai,2025-11-24,2.61,-3.7% vs this route's past average,-7.1% vs similar-length routes this week,No,,No significant cost increase detected against the configured anomaly threshold.
Ahmedabad-Mumbai,2025-12-01,2.79,+3.3% vs this route's past average,-0.4% vs similar-length routes this week,No,,No significant cost increase detected against the configured anomaly threshold.
Ahmedabad-Mumbai,2025-12-08,2.8,+3.5% vs this route's past average,-2.0% vs similar-length routes this week,No,,No significant cost increase detected against the configured anomaly threshold.
Ahmedabad-Mumbai,2025-12-15,2.73,+0.7% vs this route's past average,-3.6% vs similar-length routes this week,No,,No significant cost increase detected against the configured anomaly threshold.
Ahmedabad-Mumbai,2025-12-22,2.74,+0.9% vs this route's past average,-3.4% vs similar-length routes this week,No,,No significant cost increase detected against the configured anomaly threshold.
Chennai-Bangalore,2024-01-01,2.69,N/A,+7.5% vs similar-length routes this week,No,,No significant cost increase detected against the configured anomaly threshold.
Chennai-Bangalore,2024-01-08,2.77,+3.2% vs this route's past average,+6.7% vs similar-length routes this week,No,,No significant cost increase detected against the configured anomaly threshold.
Chennai-Bangalore,2024-01-15,2.67,-2.4% vs this route's past average,+5.1% vs similar-length routes this week,No,,No significant cost increase detected against the configured anomaly threshold.
Chennai-Bangalore,2024-01-22,2.78,+2.5% vs this route's past average,+5.9% vs similar-length routes this week,No,,No significant cost increase detected against the configured anomaly threshold.
Chennai-Bangalore,2024-01-29,2.69,-1.4% vs this route's past average,+5.1% vs similar-length routes this week,No,,No significant cost increase detected against the configured anomaly threshold.
Chennai-Bangalore,2024-02-05,2.69,-1.1% vs this route's past average,+3.2% vs similar-length routes this week,No,,No significant cost increase detected against the configured anomaly threshold.
Chennai-Bangalore,2024-02-12,2.77,+2.2% vs this route's past average,+7.2% vs similar-length routes this week,No,,No significant cost increase detected against the configured anomaly threshold.
Chennai-Bangalore,2024-02-19,2.7,-1.0% vs this route's past average,+4.4% vs similar-length routes this week,No,,No significant cost increase detected against the configured anomaly threshold.
Chennai-Bangalore,2024-02-26,2.62,-3.5% vs this route's past average,+0.6% vs similar-length routes this week,No,,No significant cost increase detected against the configured anomaly threshold.
Chennai-Bangalore,2024-03-04,2.64,-2.6% vs this route's past average,+4.9% vs similar-length routes this week,No,,No significant cost increase detected against the configured anomaly threshold.
Chennai-Bangalore,2024-03-11,2.77,+2.8% vs this route's past average,+4.7% vs similar-length routes this week,No,,No significant cost increase detected against the configured anomaly threshold.
Chennai-Bangalore,2024-03-18,2.59,-4.2% vs this route's past average,-0.5% vs similar-length routes this week,No,,No significant cost increase detected against the configured anomaly threshold.
Chennai-Bangalore,2024-03-25,2.73,+1.8% vs this route's past average,+2.8% vs similar-length routes this week,No,,No significant cost increase detected against the configured anomaly threshold.
Chennai-Bangalore,2024-04-01,2.71,+0.6% vs this route's past average,+6.7% vs similar-length routes this week,No,,No significant cost increase detected against the configured anomaly threshold.
Chennai-Bangalore,2024-04-08,2.76,+2.4% vs this route's past average,+7.2% vs similar-length routes this week,No,,No significant cost increase detected against the configured anomaly threshold.
Chennai-Bangalore,2024-04-15,2.68,-0.3% vs this route's past average,+5.7% vs similar-length routes this week,No,,No significant cost increase detected against the configured anomaly threshold.
Chennai-Bangalore,2024-04-22,2.59,-3.6% vs this route's past average,-0.6% vs similar-length routes this week,No,,No significant cost increase detected against the configured anomaly threshold.
Chennai-Bangalore,2024-04-29,2.73,+1.7% vs this route's past average,+7.8% vs similar-length routes this week,No,,No significant cost increase detected against the configured anomaly threshold.
Chennai-Bangalore,2024-05-06,2.56,-4.9% vs this route's past average,-2.5% vs similar-length routes this week,No,,No significant cost increase detected against the configured anomaly threshold.
Chennai-Bangalore,2024-05-13,2.76,+3.3% vs this route's past average,+6.0% vs similar-length routes this week,No,,No significant cost increase detected against the configured anomaly threshold.
Chennai-Bangalore,2024-05-20,2.67,-0.6% vs this route's past average,+0.7% vs similar-length routes this week,No,,No significant cost increase detected against the configured anomaly threshold.
Chennai-Bangalore,2024-05-27,2.73,+1.6% vs this route's past average,+7.1% vs similar-length routes this week,No,,No significant cost increase detected against the configured anomaly threshold.
Chennai-Bangalore,2024-06-03,2.76,+2.9% vs this route's past average,+8.8% vs similar-length routes this week,No,,No significant cost increase detected against the configured anomaly threshold.
Chennai-Bangalore,2024-06-10,2.6,-3.0% vs this route's past average,+5.8% vs similar-length routes this week,No,,No significant cost increase detected against the configured anomaly threshold.
Chennai-Bangalore,2024-06-17,2.81,+4.8% vs this route's past average,+10.2% vs similar-length routes this week,No,,No significant cost increase detected against the configured anomaly threshold.
Chennai-Bangalore,2024-06-24,2.65,-1.8% vs this route's past average,-0.2% vs similar-length routes this week,No,,No significant cost increase detected against the configured anomaly threshold.
Chennai-Bangalore,2024-07-01,2.76,+2.7% vs this route's past average,+7.2% vs similar-length routes this week,No,,No significant cost increase detected against the configured anomaly threshold.
Chennai-Bangalore,2024-07-08,2.68,-1.5% vs this route's past average,+2.7% vs similar-length routes this week,No,,No significant cost increase detected against the configured anomaly threshold.
Chennai-Bangalore,2024-07-15,2.78,+2.5% vs this route's past average,+6.0% vs similar-length routes this week,No,,No significant cost increase detected against the configured anomaly threshold.
Chennai-Bangalore,2024-07-22,2.66,-2.4% vs this route's past average,+2.6% vs similar-length routes this week,No,,No significant cost increase detected against the configured anomaly threshold.
Chennai-Bangalore,2024-07-29,2.77,+2.3% vs this route's past average,+10.5% vs similar-length routes this week,No,,No significant cost increase detected against the configured anomaly threshold.
Chennai-Bangalore,2024-08-05,2.62,-3.5% vs this route's past average,+0.7% vs similar-length routes this week,No,,No significant cost increase detected against the configured anomaly threshold.
Chennai-Bangalore,2024-08-12,2.79,+2.9% vs this route's past average,+11.7% vs similar-length routes this week,No,,No significant cost increase detected against the configured anomaly threshold.
Chennai-Bangalore,2024-08-19,2.76,+1.8% vs this route's past average,+4.4% vs similar-length routes this week,No,,No significant cost increase detected against the configured anomaly threshold.
Chennai-Bangalore,2024-08-26,2.67,-2.1% vs this route's past average,+4.8% vs similar-length routes this week,No,,No significant cost increase detected against the configured anomaly threshold.
Chennai-Bangalore,2024-09-02,2.56,-5.8% vs this route's past average,+1.2% vs similar-length routes this week,No,,No significant cost increase detected against the configured anomaly threshold.
Chennai-Bangalore,2024-09-09,2.71,+0.3% vs this route's past average,+6.6% vs similar-length routes this week,No,,No significant cost increase detected against the configured anomaly threshold.
Chennai-Bangalore,2024-09-16,2.66,-1.2% vs this route's past average,+0.8% vs similar-length routes this week,No,,No significant cost increase detected against the configured anomaly threshold.
Chennai-Bangalore,2024-09-23,2.63,-2.3% vs this route's past average,+1.2% vs similar-length routes this week,No,,No significant cost increase detected against the configured anomaly threshold.
Chennai-Bangalore,2024-09-30,2.63,-1.6% vs this route's past average,+1.5% vs similar-length routes this week,No,,No significant cost increase detected against the configured anomaly threshold.
Chennai-Bangalore,2024-10-07,2.71,+1.2% vs this route's past average,+4.4% vs similar-length routes this week,No,,No significant cost increase detected against the configured anomaly threshold.
Chennai-Bangalore,2024-10-14,2.63,-1.5% vs this route's past average,+3.2% vs similar-length routes this week,No,,No significant cost increase detected against the configured anomaly threshold.
Chennai-Bangalore,2024-10-21,2.72,+2.7% vs this route's past average,+4.1% vs similar-length routes this week,No,,No significant cost increase detected against the configured anomaly threshold.
Chennai-Bangalore,2024-10-28,2.6,-2.1% vs this route's past average,-0.0% vs similar-length routes this week,No,,No significant cost increase detected against the configured anomaly threshold.
Chennai-Bangalore,2024-11-04,2.73,+2.5% vs this route's past average,+7.4% vs similar-length routes this week,No,,No significant cost increase detected against the configured anomaly threshold.
Chennai-Bangalore,2024-11-11,2.75,+3.2% vs this route's past average,+5.9% vs similar-length routes this week,No,,No significant cost increase detected against the configured anomaly threshold.
Chennai-Bangalore,2024-11-18,2.77,+3.5% vs this route's past average,+7.7% vs similar-length routes this week,No,,No significant cost increase detected against the configured anomaly threshold.
Chennai-Bangalore,2024-11-25,2.76,+2.4% vs this route's past average,+4.8% vs similar-length routes this week,No,,No significant cost increase detected against the configured anomaly threshold.
Chennai-Bangalore,2024-12-02,2.73,+0.9% vs this route's past average,+8.0% vs similar-length routes this week,No,,No significant cost increase detected against the configured anomaly threshold.
Chennai-Bangalore,2024-12-09,2.65,-2.2% vs this route's past average,+6.2% vs similar-length routes this week,No,,No significant cost increase detected against the configured anomaly threshold.
Chennai-Bangalore,2024-12-16,2.69,-0.9% vs this route's past average,+6.7% vs similar-length routes this week,No,,No significant cost increase detected against the configured anomaly threshold.
Chennai-Bangalore,2024-12-23,2.75,+1.6% vs this route's past average,+3.3% vs similar-length routes this week,No,,No significant cost increase detected against the configured anomaly threshold.
Chennai-Bangalore,2024-12-30,2.74,+0.3% vs this route's past average,+5.8% vs similar-length routes this week,No,,No significant cost increase detected against the configured anomaly threshold.
Chennai-Bangalore,2025-01-06,2.72,-0.4% vs this route's past average,+8.2% vs similar-length routes this week,No,,No significant cost increase detected against the configured anomaly threshold.
Chennai-Bangalore,2025-01-13,2.57,-5.9% vs this route's past average,-2.4% vs similar-length routes this week,No,,No significant cost increase detected against the configured anomaly threshold.
Chennai-Bangalore,2025-01-20,2.8,+3.6% vs this route's past average,-4.6% vs similar-length routes this week,No,,No significant cost increase detected against the configured anomaly threshold.
Chennai-Bangalore,2025-01-27,2.74,+1.2% vs this route's past average,+8.8% vs similar-length routes this week,No,,No significant cost increase detected against the configured anomaly threshold.
Chennai-Bangalore,2025-02-03,2.68,-0.8% vs this route's past average,+6.5% vs similar-length routes this week,No,,No significant cost increase detected against the configured anomaly threshold.
Chennai-Bangalore,2025-02-10,2.72,+0.3% vs this route's past average,+7.1% vs similar-length routes this week,No,,No significant cost increase detected against the configured anomaly threshold.
Chennai-Bangalore,2025-02-17,2.84,+4.7% vs this route's past average,+10.3% vs similar-length routes this week,No,,No significant cost increase detected against the configured anomaly threshold.
Chennai-Bangalore,2025-02-24,3.58,+31.5% vs this route's past average,+38.7% vs similar-length routes this week,No (justified),N001,"The cost rise on the Chennai‑Bangalore route for week 2025‑02‑24 (cost per tonne‑km 3.58, +31.5% vs own 8‑week history and +38.7% vs similar routes) is supported by Note N001, which records heavy flooding on the Chennai‑Bangalore highway that disrupted normal truck movement and forced longer, more expensive detours during that period."
Chennai-Bangalore,2025-03-03,3.48,+22.8% vs this route's past average,+32.0% vs similar-length routes this week,No (justified),N001,"The cost rise for the Chennai‑Bangalore route in week 2025‑03‑03 is consistent with Note N001, which records heavy flooding on the highway from Feb 24 to Mar 8 that forced longer detours and higher trip costs, explaining the observed 22.8% increase versus the own 8‑week history and the 32.0% increase versus similar routes."
Chennai-Bangalore,2025-03-10,3.57,+22.1% vs this route's past average,+33.8% vs similar-length routes this week,Yes,,"The closest note (N001, 2025-02-24) mentions ""Heavy flooding on the Chennai-Bangalore highway disrupted no..."" -- it does not describe a reason for a cost rise on this route. No genuine justification found; flagged for review."
Chennai-Bangalore,2025-03-17,3.47,+13.7% vs this route's past average,+33.5% vs similar-length routes this week,Yes,,"The closest note (N009, 2025-03-17) mentions ""Highway authorities confirmed the Chennai-Bangalore route re..."" -- it does not describe a reason for a cost rise on this route. No genuine justification found; flagged for review."
Chennai-Bangalore,2025-03-24,2.71,-13.6% vs this route's past average,+7.5% vs similar-length routes this week,No,,No significant cost increase detected against the configured anomaly threshold.
Chennai-Bangalore,2025-03-31,2.78,-11.1% vs this route's past average,+5.9% vs similar-length routes this week,No,,No significant cost increase detected against the configured anomaly threshold.
Chennai-Bangalore,2025-04-07,2.74,-12.9% vs this route's past average,+7.9% vs similar-length routes this week,No,,No significant cost increase detected against the configured anomaly threshold.
Chennai-Bangalore,2025-04-14,2.7,-14.2% vs this route's past average,+7.7% vs similar-length routes this week,No,,No significant cost increase detected against the configured anomaly threshold.
Chennai-Bangalore,2025-04-21,2.59,-17.2% vs this route's past average,-0.2% vs similar-length routes this week,No,,No significant cost increase detected against the configured anomaly threshold.
Chennai-Bangalore,2025-04-28,2.69,-10.4% vs this route's past average,+3.0% vs similar-length routes this week,No,,No significant cost increase detected against the configured anomaly threshold.
Chennai-Bangalore,2025-05-05,2.95,+1.5% vs this route's past average,+10.8% vs similar-length routes this week,No,,No significant cost increase detected against the configured anomaly threshold.
Chennai-Bangalore,2025-05-12,2.96,+4.5% vs this route's past average,+13.0% vs similar-length routes this week,No,,No significant cost increase detected against the configured anomaly threshold.
Chennai-Bangalore,2025-05-19,2.82,+2.0% vs this route's past average,+4.5% vs similar-length routes this week,No,,No significant cost increase detected against the configured anomaly threshold.
Chennai-Bangalore,2025-05-26,2.78,+0.1% vs this route's past average,+2.1% vs similar-length routes this week,No,,No significant cost increase detected against the configured anomaly threshold.
Chennai-Bangalore,2025-06-02,2.92,+5.0% vs this route's past average,+9.2% vs similar-length routes this week,No,,No significant cost increase detected against the configured anomaly threshold.
Chennai-Bangalore,2025-06-09,2.85,+1.6% vs this route's past average,+5.0% vs similar-length routes this week,No,,No significant cost increase detected against the configured anomaly threshold.
Chennai-Bangalore,2025-06-16,2.94,+4.3% vs this route's past average,+7.2% vs similar-length routes this week,No,,No significant cost increase detected against the configured anomaly threshold.
Chennai-Bangalore,2025-06-23,2.8,-2.1% vs this route's past average,+1.4% vs similar-length routes this week,No,,No significant cost increase detected against the configured anomaly threshold.
Chennai-Bangalore,2025-06-30,2.75,-4.3% vs this route's past average,+0.7% vs similar-length routes this week,No,,No significant cost increase detected against the configured anomaly threshold.
Chennai-Bangalore,2025-07-07,2.92,+2.2% vs this route's past average,+5.3% vs similar-length routes this week,No,,No significant cost increase detected against the configured anomaly threshold.
Chennai-Bangalore,2025-07-14,2.8,-1.6% vs this route's past average,+3.5% vs similar-length routes this week,No,,No significant cost increase detected against the configured anomaly threshold.
Chennai-Bangalore,2025-07-21,2.94,+3.3% vs this route's past average,+6.4% vs similar-length routes this week,No,,No significant cost increase detected against the configured anomaly threshold.
Chennai-Bangalore,2025-07-28,2.77,-3.3% vs this route's past average,+2.7% vs similar-length routes this week,No,,No significant cost increase detected against the configured anomaly threshold.
Chennai-Bangalore,2025-08-04,2.92,+2.7% vs this route's past average,+9.4% vs similar-length routes this week,No,,No significant cost increase detected against the configured anomaly threshold.
Chennai-Bangalore,2025-08-11,2.84,-0.7% vs this route's past average,+5.3% vs similar-length routes this week,No,,No significant cost increase detected against the configured anomaly threshold.
Chennai-Bangalore,2025-08-18,2.86,+0.5% vs this route's past average,+4.7% vs similar-length routes this week,No,,No significant cost increase detected against the configured anomaly threshold.
Chennai-Bangalore,2025-08-25,2.85,-0.0% vs this route's past average,+4.5% vs similar-length routes this week,No,,No significant cost increase detected against the configured anomaly threshold.
Chennai-Bangalore,2025-09-01,2.9,+1.2% vs this route's past average,+8.1% vs similar-length routes this week,No,,No significant cost increase detected against the configured anomaly threshold.
Chennai-Bangalore,2025-09-08,2.77,-3.1% vs this route's past average,+3.0% vs similar-length routes this week,No,,No significant cost increase detected against the configured anomaly threshold.
Chennai-Bangalore,2025-09-15,2.97,+4.2% vs this route's past average,+6.4% vs similar-length routes this week,No,,No significant cost increase detected against the configured anomaly threshold.
Chennai-Bangalore,2025-09-22,2.92,+2.0% vs this route's past average,+9.6% vs similar-length routes this week,No,,No significant cost increase detected against the configured anomaly threshold.
Chennai-Bangalore,2025-09-29,2.9,+0.8% vs this route's past average,+4.7% vs similar-length routes this week,No,,No significant cost increase detected against the configured anomaly threshold.
Chennai-Bangalore,2025-10-06,2.77,-3.5% vs this route's past average,-1.4% vs similar-length routes this week,No,,No significant cost increase detected against the configured anomaly threshold.
Chennai-Bangalore,2025-10-13,2.87,+0.1% vs this route's past average,+6.3% vs similar-length routes this week,No,,No significant cost increase detected against the configured anomaly threshold.
Chennai-Bangalore,2025-10-20,2.86,-0.4% vs this route's past average,+5.2% vs similar-length routes this week,No,,No significant cost increase detected against the configured anomaly threshold.
Chennai-Bangalore,2025-10-27,2.81,-2.1% vs this route's past average,+3.8% vs similar-length routes this week,No,,No significant cost increase detected against the configured anomaly threshold.
Chennai-Bangalore,2025-11-03,2.87,+0.3% vs this route's past average,+3.1% vs similar-length routes this week,No,,No significant cost increase detected against the configured anomaly threshold.
Chennai-Bangalore,2025-11-10,2.9,+1.0% vs this route's past average,+8.7% vs similar-length routes this week,No,,No significant cost increase detected against the configured anomaly threshold.
Chennai-Bangalore,2025-11-17,2.81,-1.8% vs this route's past average,+2.2% vs similar-length routes this week,No,,No significant cost increase detected against the configured anomaly threshold.
Chennai-Bangalore,2025-11-24,2.89,+1.6% vs this route's past average,+8.6% vs similar-length routes this week,No,,No significant cost increase detected against the configured anomaly threshold.
Chennai-Bangalore,2025-12-01,2.88,+1.1% vs this route's past average,+4.7% vs similar-length routes this week,No,,No significant cost increase detected against the configured anomaly threshold.
Chennai-Bangalore,2025-12-08,2.89,+0.9% vs this route's past average,+2.9% vs similar-length routes this week,No,,No significant cost increase detected against the configured anomaly threshold.
Chennai-Bangalore,2025-12-15,2.94,+2.6% vs this route's past average,+7.7% vs similar-length routes this week,No,,No significant cost increase detected against the configured anomaly threshold.
Chennai-Bangalore,2025-12-22,2.82,-1.8% vs this route's past average,+1.3% vs similar-length routes this week,No,,No significant cost increase detected against the configured anomaly threshold.
Delhi-Chennai,2024-01-01,1.96,N/A,-4.7% vs similar-length routes this week,No,,No significant cost increase detected against the configured anomaly threshold.
Delhi-Chennai,2024-01-08,2.1,+7.2% vs this route's past average,-0.2% vs similar-length routes this week,No,,No significant cost increase detected against the configured anomaly threshold.
Delhi-Chennai,2024-01-15,2.15,+5.9% vs this route's past average,+4.7% vs similar-length routes this week,No,,No significant cost increase detected against the configured anomaly threshold.
Delhi-Chennai,2024-01-22,2.03,-1.9% vs this route's past average,-2.0% vs similar-length routes this week,No,,No significant cost increase detected against the configured anomaly threshold.
Delhi-Chennai,2024-01-29,2.0,-2.7% vs this route's past average,-0.0% vs similar-length routes this week,No,,No significant cost increase detected against the configured anomaly threshold.
Delhi-Chennai,2024-02-05,2.22,+8.5% vs this route's past average,+7.8% vs similar-length routes this week,No,,No significant cost increase detected against the configured anomaly threshold.
Delhi-Chennai,2024-02-12,2.04,-1.5% vs this route's past average,-2.1% vs similar-length routes this week,No,,No significant cost increase detected against the configured anomaly threshold.
Delhi-Chennai,2024-02-19,2.13,+3.1% vs this route's past average,+7.6% vs similar-length routes this week,No,,No significant cost increase detected against the configured anomaly threshold.
Delhi-Chennai,2024-02-26,2.11,+1.3% vs this route's past average,+6.8% vs similar-length routes this week,No,,No significant cost increase detected against the configured anomaly threshold.
Delhi-Chennai,2024-03-04,2.05,-2.1% vs this route's past average,+3.7% vs similar-length routes this week,No,,No significant cost increase detected against the configured anomaly threshold.
Delhi-Chennai,2024-03-11,2.02,-3.4% vs this route's past average,-0.1% vs similar-length routes this week,No,,No significant cost increase detected against the configured anomaly threshold.
Delhi-Chennai,2024-03-18,2.21,+6.6% vs this route's past average,+7.3% vs similar-length routes this week,No,,No significant cost increase detected against the configured anomaly threshold.
Delhi-Chennai,2024-03-25,2.05,-2.3% vs this route's past average,+0.2% vs similar-length routes this week,No,,No significant cost increase detected against the configured anomaly threshold.
Delhi-Chennai,2024-04-01,2.04,-3.1% vs this route's past average,+2.1% vs similar-length routes this week,No,,No significant cost increase detected against the configured anomaly threshold.
Delhi-Chennai,2024-04-08,2.18,+4.4% vs this route's past average,+10.5% vs similar-length routes this week,No,,No significant cost increase detected against the configured anomaly threshold.
Delhi-Chennai,2024-04-15,2.19,+4.3% vs this route's past average,+5.6% vs similar-length routes this week,No,,No significant cost increase detected against the configured anomaly threshold.
Delhi-Chennai,2024-04-22,2.04,-3.1% vs this route's past average,-2.8% vs similar-length routes this week,No,,No significant cost increase detected against the configured anomaly threshold.
Delhi-Chennai,2024-04-29,2.04,-2.7% vs this route's past average,-3.3% vs similar-length routes this week,No,,No significant cost increase detected against the configured anomaly threshold.
Delhi-Chennai,2024-05-06,2.04,-2.8% vs this route's past average,+3.8% vs similar-length routes this week,No,,No significant cost increase detected against the configured anomaly threshold.
Delhi-Chennai,2024-05-13,2.15,+2.3% vs this route's past average,+4.7% vs similar-length routes this week,No,,No significant cost increase detected against the configured anomaly threshold.
Delhi-Chennai,2024-05-20,2.19,+4.9% vs this route's past average,+3.4% vs similar-length routes this week,No,,No significant cost increase detected against the configured anomaly threshold.
Delhi-Chennai,2024-05-27,2.09,-0.8% vs this route's past average,-0.8% vs similar-length routes this week,No,,No significant cost increase detected against the configured anomaly threshold.
Delhi-Chennai,2024-06-03,2.18,+2.9% vs this route's past average,+4.2% vs similar-length routes this week,No,,No significant cost increase detected against the configured anomaly threshold.
Delhi-Chennai,2024-06-10,2.18,+3.3% vs this route's past average,+10.7% vs similar-length routes this week,No,,No significant cost increase detected against the configured anomaly threshold.
Delhi-Chennai,2024-06-17,2.19,+3.6% vs this route's past average,+4.5% vs similar-length routes this week,No,,No significant cost increase detected against the configured anomaly threshold.
Delhi-Chennai,2024-06-24,2.08,-2.2% vs this route's past average,-0.4% vs similar-length routes this week,No,,No significant cost increase detected against the configured anomaly threshold.
Delhi-Chennai,2024-07-01,2.12,-0.9% vs this route's past average,+7.6% vs similar-length routes this week,No,,No significant cost increase detected against the configured anomaly threshold.
Delhi-Chennai,2024-07-08,2.13,-0.9% vs this route's past average,+2.2% vs similar-length routes this week,No,,No significant cost increase detected against the configured anomaly threshold.
Delhi-Chennai,2024-07-15,2.14,-0.2% vs this route's past average,+5.7% vs similar-length routes this week,No,,No significant cost increase detected against the configured anomaly threshold.
Delhi-Chennai,2024-07-22,1.95,-9.0% vs this route's past average,-7.4% vs similar-length routes this week,No,,No significant cost increase detected against the configured anomaly threshold.
Delhi-Chennai,2024-07-29,1.99,-5.9% vs this route's past average,-3.2% vs similar-length routes this week,No,,No significant cost increase detected against the configured anomaly threshold.
Delhi-Chennai,2024-08-05,2.0,-4.8% vs this route's past average,-1.6% vs similar-length routes this week,No,,No significant cost increase detected against the configured anomaly threshold.
Delhi-Chennai,2024-08-12,2.1,+1.1% vs this route's past average,+5.1% vs similar-length routes this week,No,,No significant cost increase detected against the configured anomaly threshold.
Delhi-Chennai,2024-08-19,2.07,+0.4% vs this route's past average,+1.6% vs similar-length routes this week,No,,No significant cost increase detected against the configured anomaly threshold.
Delhi-Chennai,2024-08-26,2.12,+2.9% vs this route's past average,+7.0% vs similar-length routes this week,No,,No significant cost increase detected against the configured anomaly threshold.
Delhi-Chennai,2024-09-02,2.11,+2.3% vs this route's past average,+6.8% vs similar-length routes this week,No,,No significant cost increase detected against the configured anomaly threshold.
Delhi-Chennai,2024-09-09,2.12,+2.9% vs this route's past average,+6.7% vs similar-length routes this week,No,,No significant cost increase detected against the configured anomaly threshold.
Delhi-Chennai,2024-09-16,2.15,+4.3% vs this route's past average,+4.5% vs similar-length routes this week,No,,No significant cost increase detected against the configured anomaly threshold.
Delhi-Chennai,2024-09-23,2.12,+1.6% vs this route's past average,+3.8% vs similar-length routes this week,No,,No significant cost increase detected against the configured anomaly threshold.
Delhi-Chennai,2024-09-30,2.07,-1.5% vs this route's past average,+0.2% vs similar-length routes this week,No,,No significant cost increase detected against the configured anomaly threshold.
Delhi-Chennai,2024-10-07,1.99,-5.4% vs this route's past average,-6.5% vs similar-length routes this week,No,,No significant cost increase detected against the configured anomaly threshold.
Delhi-Chennai,2024-10-14,2.19,+4.6% vs this route's past average,+7.4% vs similar-length routes this week,No,,No significant cost increase detected against the configured anomaly threshold.
Delhi-Chennai,2024-10-21,2.18,+3.4% vs this route's past average,+10.5% vs similar-length routes this week,No,,No significant cost increase detected against the configured anomaly threshold.
Delhi-Chennai,2024-10-28,2.04,-3.4% vs this route's past average,+2.0% vs similar-length routes this week,No,,No significant cost increase detected against the configured anomaly threshold.
Delhi-Chennai,2024-11-04,2.14,+1.4% vs this route's past average,+5.9% vs similar-length routes this week,No,,No significant cost increase detected against the configured anomaly threshold.
Delhi-Chennai,2024-11-11,2.04,-3.2% vs this route's past average,-2.8% vs similar-length routes this week,No,,No significant cost increase detected against the configured anomaly threshold.
Delhi-Chennai,2024-11-18,1.99,-5.1% vs this route's past average,-3.5% vs similar-length routes this week,No,,No significant cost increase detected against the configured anomaly threshold.
Delhi-Chennai,2024-11-25,1.99,-4.4% vs this route's past average,+1.9% vs similar-length routes this week,No,,No significant cost increase detected against the configured anomaly threshold.
Delhi-Chennai,2024-12-02,1.97,-4.9% vs this route's past average,-4.4% vs similar-length routes this week,No,,No significant cost increase detected against the configured anomaly threshold.
Delhi-Chennai,2024-12-09,2.17,+4.9% vs this route's past average,+8.3% vs similar-length routes this week,No,,No significant cost increase detected against the configured anomaly threshold.
Delhi-Chennai,2024-12-16,2.04,-1.4% vs this route's past average,+1.8% vs similar-length routes this week,No,,No significant cost increase detected against the configured anomaly threshold.
Delhi-Chennai,2024-12-23,2.09,+2.1% vs this route's past average,+2.0% vs similar-length routes this week,No,,No significant cost increase detected against the configured anomaly threshold.
Delhi-Chennai,2024-12-30,2.17,+5.8% vs this route's past average,+9.0% vs similar-length routes this week,No,,No significant cost increase detected against the configured anomaly threshold.
Delhi-Chennai,2025-01-06,2.02,-1.8% vs this route's past average,-3.0% vs similar-length routes this week,No,,No significant cost increase detected against the configured anomaly threshold.
Delhi-Chennai,2025-01-13,2.0,-2.8% vs this route's past average,-1.5% vs similar-length routes this week,No,,No significant cost increase detected against the configured anomaly threshold.
Delhi-Chennai,2025-01-20,1.96,-4.5% vs this route's past average,-6.0% vs similar-length routes this week,No,,No significant cost increase detected against the configured anomaly threshold.
Delhi-Chennai,2025-01-27,2.18,+6.3% vs this route's past average,+10.0% vs similar-length routes this week,No,,No significant cost increase detected against the configured anomaly threshold.
Delhi-Chennai,2025-02-03,2.21,+6.6% vs this route's past average,+8.7% vs similar-length routes this week,No,,No significant cost increase detected against the configured anomaly threshold.
Delhi-Chennai,2025-02-10,2.04,-2.2% vs this route's past average,+1.6% vs similar-length routes this week,No,,No significant cost increase detected against the configured anomaly threshold.
Delhi-Chennai,2025-02-17,2.22,+6.5% vs this route's past average,+11.9% vs similar-length routes this week,No,,No significant cost increase detected against the configured anomaly threshold.
Delhi-Chennai,2025-02-24,2.08,-1.1% vs this route's past average,+1.1% vs similar-length routes this week,No,,No significant cost increase detected against the configured anomaly threshold.
Delhi-Chennai,2025-03-03,2.15,+3.0% vs this route's past average,+6.4% vs similar-length routes this week,No,,No significant cost increase detected against the configured anomaly threshold.
Delhi-Chennai,2025-03-10,2.12,+0.6% vs this route's past average,+3.2% vs similar-length routes this week,No,,No significant cost increase detected against the configured anomaly threshold.
Delhi-Chennai,2025-03-17,2.08,-1.8% vs this route's past average,+1.4% vs similar-length routes this week,No,,No significant cost increase detected against the configured anomaly threshold.
Delhi-Chennai,2025-03-24,1.99,-7.0% vs this route's past average,-3.4% vs similar-length routes this week,No,,No significant cost increase detected against the configured anomaly threshold.
Delhi-Chennai,2025-03-31,2.05,-3.0% vs this route's past average,+0.8% vs similar-length routes this week,No,,No significant cost increase detected against the configured anomaly threshold.
Delhi-Chennai,2025-04-07,2.21,+5.7% vs this route's past average,+8.8% vs similar-length routes this week,No,,No significant cost increase detected against the configured anomaly threshold.
Delhi-Chennai,2025-04-14,1.98,-6.1% vs this route's past average,-0.4% vs similar-length routes this week,No,,No significant cost increase detected against the configured anomaly threshold.
Delhi-Chennai,2025-04-21,2.06,-0.9% vs this route's past average,+3.0% vs similar-length routes this week,No,,No significant cost increase detected against the configured anomaly threshold.
Delhi-Chennai,2025-04-28,2.07,-0.6% vs this route's past average,+4.1% vs similar-length routes this week,No,,No significant cost increase detected against the configured anomaly threshold.
Delhi-Chennai,2025-05-05,2.2,+6.2% vs this route's past average,+1.2% vs similar-length routes this week,No,,No significant cost increase detected against the configured anomaly threshold.
Delhi-Chennai,2025-05-12,2.14,+2.7% vs this route's past average,-6.2% vs similar-length routes this week,No,,No significant cost increase detected against the configured anomaly threshold.
Delhi-Chennai,2025-05-19,2.11,+1.1% vs this route's past average,-0.5% vs similar-length routes this week,No,,No significant cost increase detected against the configured anomaly threshold.
Delhi-Chennai,2025-05-26,2.11,+0.5% vs this route's past average,-3.5% vs similar-length routes this week,No,,No significant cost increase detected against the configured anomaly threshold.
Delhi-Chennai,2025-06-02,2.06,-2.2% vs this route's past average,-8.6% vs similar-length routes this week,No,,No significant cost increase detected against the configured anomaly threshold.
Delhi-Chennai,2025-06-09,2.2,+5.1% vs this route's past average,-0.5% vs similar-length routes this week,No,,No significant cost increase detected against the configured anomaly threshold.
Delhi-Chennai,2025-06-16,2.06,-2.8% vs this route's past average,-8.5% vs similar-length routes this week,No,,No significant cost increase detected against the configured anomaly threshold.
Delhi-Chennai,2025-06-23,2.05,-3.4% vs this route's past average,-8.0% vs similar-length routes this week,No,,No significant cost increase detected against the configured anomaly threshold.
Delhi-Chennai,2025-06-30,2.15,+1.8% vs this route's past average,+0.9% vs similar-length routes this week,No,,No significant cost increase detected against the configured anomaly threshold.
Delhi-Chennai,2025-07-07,1.98,-6.2% vs this route's past average,-6.5% vs similar-length routes this week,No,,No significant cost increase detected against the configured anomaly threshold.
Delhi-Chennai,2025-07-14,2.17,+3.8% vs this route's past average,+2.5% vs similar-length routes this week,No,,No significant cost increase detected against the configured anomaly threshold.
Delhi-Chennai,2025-07-21,2.04,-2.8% vs this route's past average,-7.5% vs similar-length routes this week,No,,No significant cost increase detected against the configured anomaly threshold.
Delhi-Chennai,2025-07-28,2.06,-1.2% vs this route's past average,-7.5% vs similar-length routes this week,No,,No significant cost increase detected against the configured anomaly threshold.
Delhi-Chennai,2025-08-04,2.18,+4.3% vs this route's past average,+3.2% vs similar-length routes this week,No,,No significant cost increase detected against the configured anomaly threshold.
Delhi-Chennai,2025-08-11,1.99,-4.7% vs this route's past average,-8.1% vs similar-length routes this week,No,,No significant cost increase detected against the configured anomaly threshold.
Delhi-Chennai,2025-08-18,2.01,-3.3% vs this route's past average,-9.7% vs similar-length routes this week,No,,No significant cost increase detected against the configured anomaly threshold.
Delhi-Chennai,2025-08-25,2.02,-2.7% vs this route's past average,-4.1% vs similar-length routes this week,No,,No significant cost increase detected against the configured anomaly threshold.
Delhi-Chennai,2025-09-01,2.13,+3.6% vs this route's past average,-2.0% vs similar-length routes this week,No,,No significant cost increase detected against the configured anomaly threshold.
Delhi-Chennai,2025-09-08,2.15,+3.5% vs this route's past average,+2.5% vs similar-length routes this week,No,,No significant cost increase detected against the configured anomaly threshold.
Delhi-Chennai,2025-09-15,2.06,-0.8% vs this route's past average,-5.5% vs similar-length routes this week,No,,No significant cost increase detected against the configured anomaly threshold.
Delhi-Chennai,2025-09-22,1.98,-4.4% vs this route's past average,-10.6% vs similar-length routes this week,No,,No significant cost increase detected against the configured anomaly threshold.
Delhi-Chennai,2025-09-29,2.08,+1.0% vs this route's past average,-4.6% vs similar-length routes this week,No,,No significant cost increase detected against the configured anomaly threshold.
Delhi-Chennai,2025-10-06,2.11,+2.7% vs this route's past average,-7.0% vs similar-length routes this week,No,,No significant cost increase detected against the configured anomaly threshold.
Delhi-Chennai,2025-10-13,2.05,-0.6% vs this route's past average,-4.2% vs similar-length routes this week,No,,No significant cost increase detected against the configured anomaly threshold.
Delhi-Chennai,2025-10-20,2.07,-0.1% vs this route's past average,-1.9% vs similar-length routes this week,No,,No significant cost increase detected against the configured anomaly threshold.
Delhi-Chennai,2025-10-27,2.18,+4.9% vs this route's past average,+2.9% vs similar-length routes this week,No,,No significant cost increase detected against the configured anomaly threshold.
Delhi-Chennai,2025-11-03,2.03,-2.4% vs this route's past average,-4.5% vs similar-length routes this week,No,,No significant cost increase detected against the configured anomaly threshold.
Delhi-Chennai,2025-11-10,2.2,+6.1% vs this route's past average,+3.9% vs similar-length routes this week,No,,No significant cost increase detected against the configured anomaly threshold.
Delhi-Chennai,2025-11-17,2.0,-4.2% vs this route's past average,-5.1% vs similar-length routes this week,No,,No significant cost increase detected against the configured anomaly threshold.
Delhi-Chennai,2025-11-24,2.03,-3.0% vs this route's past average,-9.3% vs similar-length routes this week,No,,No significant cost increase detected against the configured anomaly threshold.
Delhi-Chennai,2025-12-01,2.07,-0.6% vs this route's past average,-3.6% vs similar-length routes this week,No,,No significant cost increase detected against the configured anomaly threshold.
Delhi-Chennai,2025-12-08,1.98,-4.7% vs this route's past average,-8.4% vs similar-length routes this week,No,,No significant cost increase detected against the configured anomaly threshold.
Delhi-Chennai,2025-12-15,1.97,-5.0% vs this route's past average,-8.2% vs similar-length routes this week,No,,No significant cost increase detected against the configured anomaly threshold.
Delhi-Chennai,2025-12-22,1.99,-3.3% vs this route's past average,-10.2% vs similar-length routes this week,No,,No significant cost increase detected against the configured anomaly threshold.
Delhi-Jaipur,2024-01-01,3.0,N/A,-9.1% vs similar-length routes this week,No,,No significant cost increase detected against the configured anomaly threshold.
Delhi-Jaipur,2024-01-08,3.05,+1.8% vs this route's past average,-9.7% vs similar-length routes this week,No,,No significant cost increase detected against the configured anomaly threshold.
Delhi-Jaipur,2024-01-15,3.02,-0.3% vs this route's past average,-11.5% vs similar-length routes this week,No,,No significant cost increase detected against the configured anomaly threshold.
Delhi-Jaipur,2024-01-22,2.99,-1.1% vs this route's past average,-11.5% vs similar-length routes this week,No,,No significant cost increase detected against the configured anomaly threshold.
Delhi-Jaipur,2024-01-29,3.19,+5.9% vs this route's past average,-2.6% vs similar-length routes this week,No,,No significant cost increase detected against the configured anomaly threshold.
Delhi-Jaipur,2024-02-05,3.02,-1.0% vs this route's past average,-8.2% vs similar-length routes this week,No,,No significant cost increase detected against the configured anomaly threshold.
Delhi-Jaipur,2024-02-12,3.11,+2.2% vs this route's past average,-5.1% vs similar-length routes this week,No,,No significant cost increase detected against the configured anomaly threshold.
Delhi-Jaipur,2024-02-19,2.99,-2.0% vs this route's past average,-11.4% vs similar-length routes this week,No,,No significant cost increase detected against the configured anomaly threshold.
Delhi-Jaipur,2024-02-26,3.1,+1.6% vs this route's past average,-4.7% vs similar-length routes this week,No,,No significant cost increase detected against the configured anomaly threshold.
Delhi-Jaipur,2024-03-04,3.0,-1.9% vs this route's past average,-12.0% vs similar-length routes this week,No,,No significant cost increase detected against the configured anomaly threshold.
Delhi-Jaipur,2024-03-11,3.11,+2.0% vs this route's past average,-6.8% vs similar-length routes this week,No,,No significant cost increase detected against the configured anomaly threshold.
Delhi-Jaipur,2024-03-18,3.08,+0.5% vs this route's past average,-9.8% vs similar-length routes this week,No,,No significant cost increase detected against the configured anomaly threshold.
Delhi-Jaipur,2024-03-25,3.17,+3.2% vs this route's past average,-10.2% vs similar-length routes this week,No,,No significant cost increase detected against the configured anomaly threshold.
Delhi-Jaipur,2024-04-01,2.99,-2.7% vs this route's past average,-10.2% vs similar-length routes this week,No,,No significant cost increase detected against the configured anomaly threshold.
Delhi-Jaipur,2024-04-08,3.13,+1.8% vs this route's past average,-10.5% vs similar-length routes this week,No,,No significant cost increase detected against the configured anomaly threshold.
Delhi-Jaipur,2024-04-15,3.2,+4.2% vs this route's past average,-10.3% vs similar-length routes this week,No,,No significant cost increase detected against the configured anomaly threshold.
Delhi-Jaipur,2024-04-22,3.06,-1.3% vs this route's past average,-8.0% vs similar-length routes this week,No,,No significant cost increase detected against the configured anomaly threshold.
Delhi-Jaipur,2024-04-29,3.07,-0.6% vs this route's past average,-12.6% vs similar-length routes this week,No,,No significant cost increase detected against the configured anomaly threshold.
Delhi-Jaipur,2024-05-06,3.1,-0.2% vs this route's past average,-11.7% vs similar-length routes this week,No,,No significant cost increase detected against the configured anomaly threshold.
Delhi-Jaipur,2024-05-13,3.06,-1.3% vs this route's past average,-7.3% vs similar-length routes this week,No,,No significant cost increase detected against the configured anomaly threshold.
Delhi-Jaipur,2024-05-20,3.05,-1.4% vs this route's past average,-8.6% vs similar-length routes this week,No,,No significant cost increase detected against the configured anomaly threshold.
Delhi-Jaipur,2024-05-27,3.11,+0.8% vs this route's past average,-9.8% vs similar-length routes this week,No,,No significant cost increase detected against the configured anomaly threshold.
Delhi-Jaipur,2024-06-03,3.14,+1.4% vs this route's past average,-7.1% vs similar-length routes this week,No,,No significant cost increase detected against the configured anomaly threshold.
Delhi-Jaipur,2024-06-10,3.03,-2.2% vs this route's past average,-14.2% vs similar-length routes this week,No,,No significant cost increase detected against the configured anomaly threshold.
Delhi-Jaipur,2024-06-17,3.17,+3.1% vs this route's past average,-4.7% vs similar-length routes this week,No,,No significant cost increase detected against the configured anomaly threshold.
Delhi-Jaipur,2024-06-24,3.1,+0.2% vs this route's past average,-7.5% vs similar-length routes this week,No,,No significant cost increase detected against the configured anomaly threshold.
Delhi-Jaipur,2024-07-01,3.19,+3.1% vs this route's past average,-5.2% vs similar-length routes this week,No,,No significant cost increase detected against the configured anomaly threshold.
Delhi-Jaipur,2024-07-08,3.12,+0.3% vs this route's past average,-12.1% vs similar-length routes this week,No,,No significant cost increase detected against the configured anomaly threshold.
Delhi-Jaipur,2024-07-15,3.09,-0.9% vs this route's past average,-10.3% vs similar-length routes this week,No,,No significant cost increase detected against the configured anomaly threshold.
Delhi-Jaipur,2024-07-22,3.13,+0.3% vs this route's past average,-11.1% vs similar-length routes this week,No,,No significant cost increase detected against the configured anomaly threshold.
Delhi-Jaipur,2024-07-29,3.15,+0.8% vs this route's past average,-7.2% vs similar-length routes this week,No,,No significant cost increase detected against the configured anomaly threshold.
Delhi-Jaipur,2024-08-05,3.06,-2.1% vs this route's past average,-9.3% vs similar-length routes this week,No,,No significant cost increase detected against the configured anomaly threshold.
Delhi-Jaipur,2024-08-12,3.0,-3.9% vs this route's past average,-10.2% vs similar-length routes this week,No,,No significant cost increase detected against the configured anomaly threshold.
Delhi-Jaipur,2024-08-19,3.08,-0.9% vs this route's past average,-10.1% vs similar-length routes this week,No,,No significant cost increase detected against the configured anomaly threshold.
Delhi-Jaipur,2024-08-26,3.11,+0.2% vs this route's past average,-8.4% vs similar-length routes this week,No,,No significant cost increase detected against the configured anomaly threshold.
Delhi-Jaipur,2024-09-02,3.08,-0.3% vs this route's past average,-6.3% vs similar-length routes this week,No,,No significant cost increase detected against the configured anomaly threshold.
Delhi-Jaipur,2024-09-09,3.17,+2.7% vs this route's past average,-3.2% vs similar-length routes this week,No,,No significant cost increase detected against the configured anomaly threshold.
Delhi-Jaipur,2024-09-16,3.16,+2.2% vs this route's past average,-7.7% vs similar-length routes this week,No,,No significant cost increase detected against the configured anomaly threshold.
Delhi-Jaipur,2024-09-23,3.15,+1.7% vs this route's past average,-9.1% vs similar-length routes this week,No,,No significant cost increase detected against the configured anomaly threshold.
Delhi-Jaipur,2024-09-30,3.02,-2.7% vs this route's past average,-11.9% vs similar-length routes this week,No,,No significant cost increase detected against the configured anomaly threshold.
Delhi-Jaipur,2024-10-07,3.09,-0.2% vs this route's past average,-12.1% vs similar-length routes this week,No,,No significant cost increase detected against the configured anomaly threshold.
Delhi-Jaipur,2024-10-14,3.09,-0.4% vs this route's past average,-7.7% vs similar-length routes this week,No,,No significant cost increase detected against the configured anomaly threshold.
Delhi-Jaipur,2024-10-21,3.08,-1.0% vs this route's past average,-7.8% vs similar-length routes this week,No,,No significant cost increase detected against the configured anomaly threshold.
Delhi-Jaipur,2024-10-28,3.03,-2.3% vs this route's past average,-13.1% vs similar-length routes this week,No,,No significant cost increase detected against the configured anomaly threshold.
Delhi-Jaipur,2024-11-04,3.01,-3.0% vs this route's past average,-12.1% vs similar-length routes this week,No,,No significant cost increase detected against the configured anomaly threshold.
Delhi-Jaipur,2024-11-11,4.17,+35.5% vs this route's past average,+21.0% vs similar-length routes this week,Yes,,"The closest note (N007, 2024-05-20) mentions ""Local authorities announced improved road conditions on the..."" -- it does not describe a reason for a cost rise on this route. No genuine justification found; flagged for review."
Delhi-Jaipur,2024-11-18,4.09,+27.6% vs this route's past average,+19.7% vs similar-length routes this week,Yes,,"The closest note (N007, 2024-05-20) mentions ""Local authorities announced improved road conditions on the..."" -- it does not describe a reason for a cost rise on this route. No genuine justification found; flagged for review."
Delhi-Jaipur,2024-11-25,3.06,-8.0% vs this route's past average,-10.9% vs similar-length routes this week,No,,No significant cost increase detected against the configured anomaly threshold.
Delhi-Jaipur,2024-12-02,3.05,-8.5% vs this route's past average,-11.5% vs similar-length routes this week,No,,No significant cost increase detected against the configured anomaly threshold.
Delhi-Jaipur,2024-12-09,3.22,-3.0% vs this route's past average,-6.0% vs similar-length routes this week,No,,No significant cost increase detected against the configured anomaly threshold.
Delhi-Jaipur,2024-12-16,3.08,-7.8% vs this route's past average,-13.3% vs similar-length routes this week,No,,No significant cost increase detected against the configured anomaly threshold.
Delhi-Jaipur,2024-12-23,3.11,-6.8% vs this route's past average,-11.2% vs similar-length routes this week,No,,No significant cost increase detected against the configured anomaly threshold.
Delhi-Jaipur,2024-12-30,3.22,-3.9% vs this route's past average,-5.4% vs similar-length routes this week,No,,No significant cost increase detected against the configured anomaly threshold.
Delhi-Jaipur,2025-01-06,3.17,-6.1% vs this route's past average,-9.4% vs similar-length routes this week,No,,No significant cost increase detected against the configured anomaly threshold.
Delhi-Jaipur,2025-01-13,3.05,-6.3% vs this route's past average,-13.7% vs similar-length routes this week,No,,No significant cost increase detected against the configured anomaly threshold.
Delhi-Jaipur,2025-01-20,3.06,-1.8% vs this route's past average,-12.6% vs similar-length routes this week,No,,No significant cost increase detected against the configured anomaly threshold.
Delhi-Jaipur,2025-01-27,3.14,+0.8% vs this route's past average,-7.2% vs similar-length routes this week,No,,No significant cost increase detected against the configured anomaly threshold.
Delhi-Jaipur,2025-02-03,3.02,-3.7% vs this route's past average,-9.5% vs similar-length routes this week,No,,No significant cost increase detected against the configured anomaly threshold.
Delhi-Jaipur,2025-02-10,2.99,-3.7% vs this route's past average,-11.8% vs similar-length routes this week,No,,No significant cost increase detected against the configured anomaly threshold.
Delhi-Jaipur,2025-02-17,3.1,+0.1% vs this route's past average,-9.1% vs similar-length routes this week,No,,No significant cost increase detected against the configured anomaly threshold.
Delhi-Jaipur,2025-02-24,3.08,-0.3% vs this route's past average,-9.6% vs similar-length routes this week,No,,No significant cost increase detected against the configured anomaly threshold.
Delhi-Jaipur,2025-03-03,3.22,+4.6% vs this route's past average,-8.0% vs similar-length routes this week,No,,No significant cost increase detected against the configured anomaly threshold.
Delhi-Jaipur,2025-03-10,3.18,+3.3% vs this route's past average,-9.5% vs similar-length routes this week,No,,No significant cost increase detected against the configured anomaly threshold.
Delhi-Jaipur,2025-03-17,3.08,-0.7% vs this route's past average,-9.2% vs similar-length routes this week,No,,No significant cost increase detected against the configured anomaly threshold.
Delhi-Jaipur,2025-03-24,3.14,+1.2% vs this route's past average,-6.2% vs similar-length routes this week,No,,No significant cost increase detected against the configured anomaly threshold.
Delhi-Jaipur,2025-03-31,3.06,-1.4% vs this route's past average,-5.5% vs similar-length routes this week,No,,No significant cost increase detected against the configured anomaly threshold.
Delhi-Jaipur,2025-04-07,3.19,+2.7% vs this route's past average,-9.6% vs similar-length routes this week,No,,No significant cost increase detected against the configured anomaly threshold.
Delhi-Jaipur,2025-04-14,3.0,-4.3% vs this route's past average,-11.9% vs similar-length routes this week,No,,No significant cost increase detected against the configured anomaly threshold.
Delhi-Jaipur,2025-04-21,3.07,-1.5% vs this route's past average,-6.7% vs similar-length routes this week,No,,No significant cost increase detected against the configured anomaly threshold.
Delhi-Jaipur,2025-04-28,3.03,-2.6% vs this route's past average,-11.2% vs similar-length routes this week,No,,No significant cost increase detected against the configured anomaly threshold.
Delhi-Jaipur,2025-05-05,3.32,+7.5% vs this route's past average,-8.1% vs similar-length routes this week,No,,No significant cost increase detected against the configured anomaly threshold.
Delhi-Jaipur,2025-05-12,3.18,+2.4% vs this route's past average,-11.4% vs similar-length routes this week,No,,No significant cost increase detected against the configured anomaly threshold.
Delhi-Jaipur,2025-05-19,3.32,+6.4% vs this route's past average,-4.3% vs similar-length routes this week,No,,No significant cost increase detected against the configured anomaly threshold.
Delhi-Jaipur,2025-05-26,3.28,+4.2% vs this route's past average,-5.7% vs similar-length routes this week,No,,No significant cost increase detected against the configured anomaly threshold.
Delhi-Jaipur,2025-06-02,3.14,-1.0% vs this route's past average,-12.0% vs similar-length routes this week,No,,No significant cost increase detected against the configured anomaly threshold.
Delhi-Jaipur,2025-06-09,3.28,+3.4% vs this route's past average,-5.7% vs similar-length routes this week,No,,No significant cost increase detected against the configured anomaly threshold.
Delhi-Jaipur,2025-06-16,3.29,+2.7% vs this route's past average,-11.5% vs similar-length routes this week,No,,No significant cost increase detected against the configured anomaly threshold.
Delhi-Jaipur,2025-06-23,3.12,-3.5% vs this route's past average,-17.1% vs similar-length routes this week,No,,No significant cost increase detected against the configured anomaly threshold.
Delhi-Jaipur,2025-06-30,3.34,+2.8% vs this route's past average,-5.9% vs similar-length routes this week,No,,No significant cost increase detected against the configured anomaly threshold.
Delhi-Jaipur,2025-07-07,3.23,-0.5% vs this route's past average,-11.3% vs similar-length routes this week,No,,No significant cost increase detected against the configured anomaly threshold.
Delhi-Jaipur,2025-07-14,3.39,+4.4% vs this route's past average,-5.5% vs similar-length routes this week,No,,No significant cost increase detected against the configured anomaly threshold.
Delhi-Jaipur,2025-07-21,3.21,-1.6% vs this route's past average,-9.1% vs similar-length routes this week,No,,No significant cost increase detected against the configured anomaly threshold.
Delhi-Jaipur,2025-07-28,3.34,+2.7% vs this route's past average,-6.4% vs similar-length routes this week,No,,No significant cost increase detected against the configured anomaly threshold.
Delhi-Jaipur,2025-08-04,3.34,+1.9% vs this route's past average,-10.4% vs similar-length routes this week,No,,No significant cost increase detected against the configured anomaly threshold.
Delhi-Jaipur,2025-08-11,3.37,+2.8% vs this route's past average,-4.5% vs similar-length routes this week,No,,No significant cost increase detected against the configured anomaly threshold.
Delhi-Jaipur,2025-08-18,3.28,-0.4% vs this route's past average,-13.4% vs similar-length routes this week,No,,No significant cost increase detected against the configured anomaly threshold.
Delhi-Jaipur,2025-08-25,3.23,-2.4% vs this route's past average,-11.1% vs similar-length routes this week,No,,No significant cost increase detected against the configured anomaly threshold.
Delhi-Jaipur,2025-09-01,3.45,+4.7% vs this route's past average,-5.9% vs similar-length routes this week,No,,No significant cost increase detected against the configured anomaly threshold.
Delhi-Jaipur,2025-09-08,3.25,-2.3% vs this route's past average,-12.6% vs similar-length routes this week,No,,No significant cost increase detected against the configured anomaly threshold.
Delhi-Jaipur,2025-09-15,3.22,-2.6% vs this route's past average,-19.1% vs similar-length routes this week,No,,No significant cost increase detected against the configured anomaly threshold.
Delhi-Jaipur,2025-09-22,3.21,-2.9% vs this route's past average,-15.4% vs similar-length routes this week,No,,No significant cost increase detected against the configured anomaly threshold.
Delhi-Jaipur,2025-09-29,3.44,+4.3% vs this route's past average,-10.1% vs similar-length routes this week,No,,No significant cost increase detected against the configured anomaly threshold.
Delhi-Jaipur,2025-10-06,3.21,-3.0% vs this route's past average,-18.6% vs similar-length routes this week,No,,No significant cost increase detected against the configured anomaly threshold.
Delhi-Jaipur,2025-10-13,3.3,+0.6% vs this route's past average,-14.5% vs similar-length routes this week,No,,No significant cost increase detected against the configured anomaly threshold.
Delhi-Jaipur,2025-10-20,3.28,-0.3% vs this route's past average,-19.9% vs similar-length routes this week,No,,No significant cost increase detected against the configured anomaly threshold.
Delhi-Jaipur,2025-10-27,3.18,-3.6% vs this route's past average,-22.0% vs similar-length routes this week,No,,No significant cost increase detected against the configured anomaly threshold.
Delhi-Jaipur,2025-11-03,3.38,+3.8% vs this route's past average,-19.4% vs similar-length routes this week,No,,No significant cost increase detected against the configured anomaly threshold.
Delhi-Jaipur,2025-11-10,3.27,-0.3% vs this route's past average,-17.6% vs similar-length routes this week,No,,No significant cost increase detected against the configured anomaly threshold.
Delhi-Jaipur,2025-11-17,3.28,+0.0% vs this route's past average,-24.0% vs similar-length routes this week,No,,No significant cost increase detected against the configured anomaly threshold.
Delhi-Jaipur,2025-11-24,3.38,+2.6% vs this route's past average,-18.7% vs similar-length routes this week,No,,No significant cost increase detected against the configured anomaly threshold.
Delhi-Jaipur,2025-12-01,3.2,-2.7% vs this route's past average,-27.2% vs similar-length routes this week,No,,No significant cost increase detected against the configured anomaly threshold.
Delhi-Jaipur,2025-12-08,3.19,-2.8% vs this route's past average,-28.0% vs similar-length routes this week,No,,No significant cost increase detected against the configured anomaly threshold.
Delhi-Jaipur,2025-12-15,3.24,-1.0% vs this route's past average,-26.2% vs similar-length routes this week,No,,No significant cost increase detected against the configured anomaly threshold.
Delhi-Jaipur,2025-12-22,3.23,-1.1% vs this route's past average,-28.0% vs similar-length routes this week,No,,No significant cost increase detected against the configured anomaly threshold.
Kolkata-Bhubaneswar,2024-01-01,2.51,N/A,-3.3% vs similar-length routes this week,No,,No significant cost increase detected against the configured anomaly threshold.
Kolkata-Bhubaneswar,2024-01-08,2.63,+4.8% vs this route's past average,-1.7% vs similar-length routes this week,No,,No significant cost increase detected against the configured anomaly threshold.
Kolkata-Bhubaneswar,2024-01-15,2.51,-2.3% vs this route's past average,-4.1% vs similar-length routes this week,No,,No significant cost increase detected against the configured anomaly threshold.
Kolkata-Bhubaneswar,2024-01-22,2.57,+1.1% vs this route's past average,-5.5% vs similar-length routes this week,No,,No significant cost increase detected against the configured anomaly threshold.
Kolkata-Bhubaneswar,2024-01-29,2.62,+2.8% vs this route's past average,+1.3% vs similar-length routes this week,No,,No significant cost increase detected against the configured anomaly threshold.
Kolkata-Bhubaneswar,2024-02-05,2.66,+3.7% vs this route's past average,+1.8% vs similar-length routes this week,No,,No significant cost increase detected against the configured anomaly threshold.
Kolkata-Bhubaneswar,2024-02-12,2.7,+4.6% vs this route's past average,+2.9% vs similar-length routes this week,No,,No significant cost increase detected against the configured anomaly threshold.
Kolkata-Bhubaneswar,2024-02-19,2.69,+3.5% vs this route's past average,+4.1% vs similar-length routes this week,No,,No significant cost increase detected against the configured anomaly threshold.
Kolkata-Bhubaneswar,2024-02-26,2.65,+1.4% vs this route's past average,+2.1% vs similar-length routes this week,No,,No significant cost increase detected against the configured anomaly threshold.
Kolkata-Bhubaneswar,2024-03-04,2.51,-4.6% vs this route's past average,-2.8% vs similar-length routes this week,No,,No significant cost increase detected against the configured anomaly threshold.
Kolkata-Bhubaneswar,2024-03-11,2.67,+2.1% vs this route's past average,-1.0% vs similar-length routes this week,No,,No significant cost increase detected against the configured anomaly threshold.
Kolkata-Bhubaneswar,2024-03-18,2.69,+2.0% vs this route's past average,+5.0% vs similar-length routes this week,No,,No significant cost increase detected against the configured anomaly threshold.
Kolkata-Bhubaneswar,2024-03-25,2.67,+0.9% vs this route's past average,-0.6% vs similar-length routes this week,No,,No significant cost increase detected against the configured anomaly threshold.
Kolkata-Bhubaneswar,2024-04-01,2.52,-5.2% vs this route's past average,-4.3% vs similar-length routes this week,No,,No significant cost increase detected against the configured anomaly threshold.
Kolkata-Bhubaneswar,2024-04-08,2.55,-3.4% vs this route's past average,-4.7% vs similar-length routes this week,No,,No significant cost increase detected against the configured anomaly threshold.
Kolkata-Bhubaneswar,2024-04-15,2.62,-0.0% vs this route's past average,+1.9% vs similar-length routes this week,No,,No significant cost increase detected against the configured anomaly threshold.
Kolkata-Bhubaneswar,2024-04-22,2.54,-2.8% vs this route's past average,-3.7% vs similar-length routes this week,No,,No significant cost increase detected against the configured anomaly threshold.
Kolkata-Bhubaneswar,2024-04-29,2.54,-2.2% vs this route's past average,-3.3% vs similar-length routes this week,No,,No significant cost increase detected against the configured anomaly threshold.
Kolkata-Bhubaneswar,2024-05-06,2.66,+2.2% vs this route's past average,+3.0% vs similar-length routes this week,No,,No significant cost increase detected against the configured anomaly threshold.
Kolkata-Bhubaneswar,2024-05-13,2.55,-1.8% vs this route's past average,-5.8% vs similar-length routes this week,No,,No significant cost increase detected against the configured anomaly threshold.
Kolkata-Bhubaneswar,2024-05-20,2.73,+5.8% vs this route's past average,+3.9% vs similar-length routes this week,No,,No significant cost increase detected against the configured anomaly threshold.
Kolkata-Bhubaneswar,2024-05-27,2.6,+0.4% vs this route's past average,-0.5% vs similar-length routes this week,No,,No significant cost increase detected against the configured anomaly threshold.
Kolkata-Bhubaneswar,2024-06-03,2.6,-0.0% vs this route's past average,-1.0% vs similar-length routes this week,No,,No significant cost increase detected against the configured anomaly threshold.
Kolkata-Bhubaneswar,2024-06-10,2.48,-4.8% vs this route's past average,-1.8% vs similar-length routes this week,No,,No significant cost increase detected against the configured anomaly threshold.
Kolkata-Bhubaneswar,2024-06-17,2.58,-0.2% vs this route's past average,-2.9% vs similar-length routes this week,No,,No significant cost increase detected against the configured anomaly threshold.
Kolkata-Bhubaneswar,2024-06-24,2.7,+4.2% vs this route's past average,+2.4% vs similar-length routes this week,No,,No significant cost increase detected against the configured anomaly threshold.
Kolkata-Bhubaneswar,2024-07-01,2.53,-3.0% vs this route's past average,-6.0% vs similar-length routes this week,No,,No significant cost increase detected against the configured anomaly threshold.
Kolkata-Bhubaneswar,2024-07-08,2.63,+1.2% vs this route's past average,-0.2% vs similar-length routes this week,No,,No significant cost increase detected against the configured anomaly threshold.
Kolkata-Bhubaneswar,2024-07-15,2.68,+2.9% vs this route's past average,+0.6% vs similar-length routes this week,No,,No significant cost increase detected against the configured anomaly threshold.
Kolkata-Bhubaneswar,2024-07-22,2.65,+2.0% vs this route's past average,+2.4% vs similar-length routes this week,No,,No significant cost increase detected against the configured anomaly threshold.
Kolkata-Bhubaneswar,2024-07-29,2.59,-0.8% vs this route's past average,-0.8% vs similar-length routes this week,No,,No significant cost increase detected against the configured anomaly threshold.
Kolkata-Bhubaneswar,2024-08-05,2.68,+3.0% vs this route's past average,+4.6% vs similar-length routes this week,No,,No significant cost increase detected against the configured anomaly threshold.
Kolkata-Bhubaneswar,2024-08-12,2.56,-2.7% vs this route's past average,-2.2% vs similar-length routes this week,No,,No significant cost increase detected against the configured anomaly threshold.
Kolkata-Bhubaneswar,2024-08-19,2.63,+0.1% vs this route's past average,-3.0% vs similar-length routes this week,No,,No significant cost increase detected against the configured anomaly threshold.
Kolkata-Bhubaneswar,2024-08-26,2.52,-3.9% vs this route's past average,-4.1% vs similar-length routes this week,No,,No significant cost increase detected against the configured anomaly threshold.
Kolkata-Bhubaneswar,2024-09-02,2.55,-2.7% vs this route's past average,+0.5% vs similar-length routes this week,No,,No significant cost increase detected against the configured anomaly threshold.
Kolkata-Bhubaneswar,2024-09-09,2.58,-1.1% vs this route's past average,-1.2% vs similar-length routes this week,No,,No significant cost increase detected against the configured anomaly threshold.
Kolkata-Bhubaneswar,2024-09-16,2.69,+3.9% vs this route's past average,+2.7% vs similar-length routes this week,No,,No significant cost increase detected against the configured anomaly threshold.
Kolkata-Bhubaneswar,2024-09-23,2.72,+4.6% vs this route's past average,+6.3% vs similar-length routes this week,No,,No significant cost increase detected against the configured anomaly threshold.
Kolkata-Bhubaneswar,2024-09-30,2.7,+3.2% vs this route's past average,+5.4% vs similar-length routes this week,No,,No significant cost increase detected against the configured anomaly threshold.
Kolkata-Bhubaneswar,2024-10-07,2.7,+3.1% vs this route's past average,+3.8% vs similar-length routes this week,No,,No significant cost increase detected against the configured anomaly threshold.
Kolkata-Bhubaneswar,2024-10-14,2.62,-0.6% vs this route's past average,+2.8% vs similar-length routes this week,No,,No significant cost increase detected against the configured anomaly threshold.
Kolkata-Bhubaneswar,2024-10-21,2.67,+1.5% vs this route's past average,+1.3% vs similar-length routes this week,No,,No significant cost increase detected against the configured anomaly threshold.
Kolkata-Bhubaneswar,2024-10-28,2.53,-4.8% vs this route's past average,-4.1% vs similar-length routes this week,No,,No significant cost increase detected against the configured anomaly threshold.
Kolkata-Bhubaneswar,2024-11-04,2.56,-3.4% vs this route's past average,-2.4% vs similar-length routes this week,No,,No significant cost increase detected against the configured anomaly threshold.
Kolkata-Bhubaneswar,2024-11-11,2.61,-1.6% vs this route's past average,-2.3% vs similar-length routes this week,No,,No significant cost increase detected against the configured anomaly threshold.
Kolkata-Bhubaneswar,2024-11-18,2.55,-3.5% vs this route's past average,-5.0% vs similar-length routes this week,No,,No significant cost increase detected against the configured anomaly threshold.
Kolkata-Bhubaneswar,2024-11-25,2.67,+1.9% vs this route's past average,-0.4% vs similar-length routes this week,No,,No significant cost increase detected against the configured anomaly threshold.
Kolkata-Bhubaneswar,2024-12-02,2.56,-1.9% vs this route's past average,-2.0% vs similar-length routes this week,No,,No significant cost increase detected against the configured anomaly threshold.
Kolkata-Bhubaneswar,2024-12-09,2.51,-3.4% vs this route's past average,-2.4% vs similar-length routes this week,No,,No significant cost increase detected against the configured anomaly threshold.
Kolkata-Bhubaneswar,2024-12-16,2.59,+0.2% vs this route's past average,+0.6% vs similar-length routes this week,No,,No significant cost increase detected against the configured anomaly threshold.
Kolkata-Bhubaneswar,2024-12-23,2.7,+5.0% vs this route's past average,+0.2% vs similar-length routes this week,No,,No significant cost increase detected against the configured anomaly threshold.
Kolkata-Bhubaneswar,2024-12-30,2.63,+1.3% vs this route's past average,-0.6% vs similar-length routes this week,No,,No significant cost increase detected against the configured anomaly threshold.
Kolkata-Bhubaneswar,2025-01-06,2.51,-3.4% vs this route's past average,-4.0% vs similar-length routes this week,No,,No significant cost increase detected against the configured anomaly threshold.
Kolkata-Bhubaneswar,2025-01-13,2.65,+2.6% vs this route's past average,+2.7% vs similar-length routes this week,No,,No significant cost increase detected against the configured anomaly threshold.
Kolkata-Bhubaneswar,2025-01-20,2.57,-1.0% vs this route's past average,-15.4% vs similar-length routes this week,No,,No significant cost increase detected against the configured anomaly threshold.
Kolkata-Bhubaneswar,2025-01-27,2.57,-0.7% vs this route's past average,-1.1% vs similar-length routes this week,No,,No significant cost increase detected against the configured anomaly threshold.
Kolkata-Bhubaneswar,2025-02-03,2.54,-1.9% vs this route's past average,-1.8% vs similar-length routes this week,No,,No significant cost increase detected against the configured anomaly threshold.
Kolkata-Bhubaneswar,2025-02-10,2.63,+1.5% vs this route's past average,+2.1% vs similar-length routes this week,No,,No significant cost increase detected against the configured anomaly threshold.
Kolkata-Bhubaneswar,2025-02-17,2.65,+1.7% vs this route's past average,-1.1% vs similar-length routes this week,No,,No significant cost increase detected against the configured anomaly threshold.
Kolkata-Bhubaneswar,2025-02-24,2.66,+2.6% vs this route's past average,-12.5% vs similar-length routes this week,No,,No significant cost increase detected against the configured anomaly threshold.
Kolkata-Bhubaneswar,2025-03-03,2.68,+3.0% vs this route's past average,-11.8% vs similar-length routes this week,No,,No significant cost increase detected against the configured anomaly threshold.
Kolkata-Bhubaneswar,2025-03-10,2.7,+3.0% vs this route's past average,-13.0% vs similar-length routes this week,No,,No significant cost increase detected against the configured anomaly threshold.
Kolkata-Bhubaneswar,2025-03-17,2.54,-3.3% vs this route's past average,-17.1% vs similar-length routes this week,No,,No significant cost increase detected against the configured anomaly threshold.
Kolkata-Bhubaneswar,2025-03-24,2.61,-0.6% vs this route's past average,+1.3% vs similar-length routes this week,No,,No significant cost increase detected against the configured anomaly threshold.
Kolkata-Bhubaneswar,2025-03-31,2.65,+0.7% vs this route's past average,-2.0% vs similar-length routes this week,No,,No significant cost increase detected against the configured anomaly threshold.
Kolkata-Bhubaneswar,2025-04-07,2.58,-2.2% vs this route's past average,-1.4% vs similar-length routes this week,No,,No significant cost increase detected against the configured anomaly threshold.
Kolkata-Bhubaneswar,2025-04-14,2.57,-2.3% vs this route's past average,-0.0% vs similar-length routes this week,No,,No significant cost increase detected against the configured anomaly threshold.
Kolkata-Bhubaneswar,2025-04-21,2.6,-1.0% vs this route's past average,+0.2% vs similar-length routes this week,No,,No significant cost increase detected against the configured anomaly threshold.
Kolkata-Bhubaneswar,2025-04-28,2.58,-1.4% vs this route's past average,-3.5% vs similar-length routes this week,No,,No significant cost increase detected against the configured anomaly threshold.
Kolkata-Bhubaneswar,2025-05-05,2.73,+5.1% vs this route's past average,-1.4% vs similar-length routes this week,No,,No significant cost increase detected against the configured anomaly threshold.
Kolkata-Bhubaneswar,2025-05-12,2.63,+0.8% vs this route's past average,-5.5% vs similar-length routes this week,No,,No significant cost increase detected against the configured anomaly threshold.
Kolkata-Bhubaneswar,2025-05-19,2.77,+5.6% vs this route's past average,+1.4% vs similar-length routes this week,No,,No significant cost increase detected against the configured anomaly threshold.
Kolkata-Bhubaneswar,2025-05-26,2.84,+7.5% vs this route's past average,+5.0% vs similar-length routes this week,No,,No significant cost increase detected against the configured anomaly threshold.
Kolkata-Bhubaneswar,2025-06-02,2.7,+1.5% vs this route's past average,-2.8% vs similar-length routes this week,No,,No significant cost increase detected against the configured anomaly threshold.
Kolkata-Bhubaneswar,2025-06-09,2.68,+0.1% vs this route's past average,-4.2% vs similar-length routes this week,No,,No significant cost increase detected against the configured anomaly threshold.
Kolkata-Bhubaneswar,2025-06-16,2.68,-0.5% vs this route's past average,-7.0% vs similar-length routes this week,No,,No significant cost increase detected against the configured anomaly threshold.
Kolkata-Bhubaneswar,2025-06-23,2.73,+1.1% vs this route's past average,-2.5% vs similar-length routes this week,No,,No significant cost increase detected against the configured anomaly threshold.
Kolkata-Bhubaneswar,2025-06-30,2.76,+1.5% vs this route's past average,+1.0% vs similar-length routes this week,No,,No significant cost increase detected against the configured anomaly threshold.
Kolkata-Bhubaneswar,2025-07-07,2.85,+4.8% vs this route's past average,+1.8% vs similar-length routes this week,No,,No significant cost increase detected against the configured anomaly threshold.
Kolkata-Bhubaneswar,2025-07-14,2.72,-1.0% vs this route's past average,-0.9% vs similar-length routes this week,No,,No significant cost increase detected against the configured anomaly threshold.
Kolkata-Bhubaneswar,2025-07-21,2.73,-0.6% vs this route's past average,-4.9% vs similar-length routes this week,No,,No significant cost increase detected against the configured anomaly threshold.
Kolkata-Bhubaneswar,2025-07-28,2.72,-0.5% vs this route's past average,-0.2% vs similar-length routes this week,No,,No significant cost increase detected against the configured anomaly threshold.
Kolkata-Bhubaneswar,2025-08-04,2.68,-2.0% vs this route's past average,-4.2% vs similar-length routes this week,No,,No significant cost increase detected against the configured anomaly threshold.
Kolkata-Bhubaneswar,2025-08-11,2.76,+1.0% vs this route's past average,+1.0% vs similar-length routes this week,No,,No significant cost increase detected against the configured anomaly threshold.
Kolkata-Bhubaneswar,2025-08-18,2.85,+3.8% vs this route's past average,+4.1% vs similar-length routes this week,No,,No significant cost increase detected against the configured anomaly threshold.
Kolkata-Bhubaneswar,2025-08-25,2.83,+2.7% vs this route's past average,+3.5% vs similar-length routes this week,No,,No significant cost increase detected against the configured anomaly threshold.
Kolkata-Bhubaneswar,2025-09-01,2.65,-4.4% vs this route's past average,-5.7% vs similar-length routes this week,No,,No significant cost increase detected against the configured anomaly threshold.
Kolkata-Bhubaneswar,2025-09-08,2.75,+0.4% vs this route's past average,+2.0% vs similar-length routes this week,No,,No significant cost increase detected against the configured anomaly threshold.
Kolkata-Bhubaneswar,2025-09-15,2.79,+1.7% vs this route's past average,-3.3% vs similar-length routes this week,No,,No significant cost increase detected against the configured anomaly threshold.
Kolkata-Bhubaneswar,2025-09-22,2.68,-2.7% vs this route's past average,-3.7% vs similar-length routes this week,No,,No significant cost increase detected against the configured anomaly threshold.
Kolkata-Bhubaneswar,2025-09-29,2.84,+3.3% vs this route's past average,+1.3% vs similar-length routes this week,No,,No significant cost increase detected against the configured anomaly threshold.
Kolkata-Bhubaneswar,2025-10-06,2.88,+4.0% vs this route's past average,+4.3% vs similar-length routes this week,No,,No significant cost increase detected against the configured anomaly threshold.
Kolkata-Bhubaneswar,2025-10-13,2.68,-3.7% vs this route's past average,-4.1% vs similar-length routes this week,No,,No significant cost increase detected against the configured anomaly threshold.
Kolkata-Bhubaneswar,2025-10-20,2.69,-2.8% vs this route's past average,-4.1% vs similar-length routes this week,No,,No significant cost increase detected against the configured anomaly threshold.
Kolkata-Bhubaneswar,2025-10-27,2.75,+0.1% vs this route's past average,+0.3% vs similar-length routes this week,No,,No significant cost increase detected against the configured anomaly threshold.
Kolkata-Bhubaneswar,2025-11-03,2.82,+2.4% vs this route's past average,+0.6% vs similar-length routes this week,No,,No significant cost increase detected against the configured anomaly threshold.
Kolkata-Bhubaneswar,2025-11-10,2.73,-1.2% vs this route's past average,-0.8% vs similar-length routes this week,No,,No significant cost increase detected against the configured anomaly threshold.
Kolkata-Bhubaneswar,2025-11-17,2.75,-0.2% vs this route's past average,-1.0% vs similar-length routes this week,No,,No significant cost increase detected against the configured anomaly threshold.
Kolkata-Bhubaneswar,2025-11-24,2.72,-1.6% vs this route's past average,-1.0% vs similar-length routes this week,No,,No significant cost increase detected against the configured anomaly threshold.
Kolkata-Bhubaneswar,2025-12-01,2.71,-1.4% vs this route's past average,-4.2% vs similar-length routes this week,No,,No significant cost increase detected against the configured anomaly threshold.
Kolkata-Bhubaneswar,2025-12-08,2.82,+3.2% vs this route's past average,-0.8% vs similar-length routes this week,No,,No significant cost increase detected against the configured anomaly threshold.
Kolkata-Bhubaneswar,2025-12-15,2.73,-0.8% vs this route's past average,-3.8% vs similar-length routes this week,No,,No significant cost increase detected against the configured anomaly threshold.
Kolkata-Bhubaneswar,2025-12-22,2.84,+3.0% vs this route's past average,+2.1% vs similar-length routes this week,No,,No significant cost increase detected against the configured anomaly threshold.
Mumbai-Delhi,2024-01-01,2.05,N/A,+4.9% vs similar-length routes this week,No,,No significant cost increase detected against the configured anomaly threshold.
Mumbai-Delhi,2024-01-08,2.1,+2.5% vs this route's past average,+0.2% vs similar-length routes this week,No,,No significant cost increase detected against the configured anomaly threshold.
Mumbai-Delhi,2024-01-15,2.05,-1.3% vs this route's past average,-4.5% vs similar-length routes this week,No,,No significant cost increase detected against the configured anomaly threshold.
Mumbai-Delhi,2024-01-22,2.07,-0.0% vs this route's past average,+2.0% vs similar-length routes this week,No,,No significant cost increase detected against the configured anomaly threshold.
Mumbai-Delhi,2024-01-29,2.0,-3.2% vs this route's past average,+0.0% vs similar-length routes this week,No,,No significant cost increase detected against the configured anomaly threshold.
Mumbai-Delhi,2024-02-05,2.06,+0.2% vs this route's past average,-7.3% vs similar-length routes this week,No,,No significant cost increase detected against the configured anomaly threshold.
Mumbai-Delhi,2024-02-12,2.09,+1.6% vs this route's past average,+2.2% vs similar-length routes this week,No,,No significant cost increase detected against the configured anomaly threshold.
Mumbai-Delhi,2024-02-19,1.98,-3.7% vs this route's past average,-7.0% vs similar-length routes this week,No,,No significant cost increase detected against the configured anomaly threshold.
Mumbai-Delhi,2024-02-26,1.97,-3.8% vs this route's past average,-6.4% vs similar-length routes this week,No,,No significant cost increase detected against the configured anomaly threshold.
Mumbai-Delhi,2024-03-04,1.98,-3.0% vs this route's past average,-3.5% vs similar-length routes this week,No,,No significant cost increase detected against the configured anomaly threshold.
Mumbai-Delhi,2024-03-11,2.02,-0.2% vs this route's past average,+0.1% vs similar-length routes this week,No,,No significant cost increase detected against the configured anomaly threshold.
Mumbai-Delhi,2024-03-18,2.06,+2.0% vs this route's past average,-6.8% vs similar-length routes this week,No,,No significant cost increase detected against the configured anomaly threshold.
Mumbai-Delhi,2024-03-25,2.05,+1.3% vs this route's past average,-0.2% vs similar-length routes this week,No,,No significant cost increase detected against the configured anomaly threshold.
Mumbai-Delhi,2024-04-01,2.0,-1.4% vs this route's past average,-2.0% vs similar-length routes this week,No,,No significant cost increase detected against the configured anomaly threshold.
Mumbai-Delhi,2024-04-08,1.97,-2.6% vs this route's past average,-9.5% vs similar-length routes this week,No,,No significant cost increase detected against the configured anomaly threshold.
Mumbai-Delhi,2024-04-15,2.07,+3.4% vs this route's past average,-5.3% vs similar-length routes this week,No,,No significant cost increase detected against the configured anomaly threshold.
Mumbai-Delhi,2024-04-22,2.1,+4.2% vs this route's past average,+2.9% vs similar-length routes this week,No,,No significant cost increase detected against the configured anomaly threshold.
Mumbai-Delhi,2024-04-29,2.11,+3.9% vs this route's past average,+3.4% vs similar-length routes this week,No,,No significant cost increase detected against the configured anomaly threshold.
Mumbai-Delhi,2024-05-06,1.96,-4.1% vs this route's past average,-3.6% vs similar-length routes this week,No,,No significant cost increase detected against the configured anomaly threshold.
Mumbai-Delhi,2024-05-13,2.05,+0.4% vs this route's past average,-4.5% vs similar-length routes this week,No,,No significant cost increase detected against the configured anomaly threshold.
Mumbai-Delhi,2024-05-20,2.12,+4.0% vs this route's past average,-3.3% vs similar-length routes this week,No,,No significant cost increase detected against the configured anomaly threshold.
Mumbai-Delhi,2024-05-27,2.11,+3.0% vs this route's past average,+0.9% vs similar-length routes this week,No,,No significant cost increase detected against the configured anomaly threshold.
Mumbai-Delhi,2024-06-03,2.09,+1.2% vs this route's past average,-4.1% vs similar-length routes this week,No,,No significant cost increase detected against the configured anomaly threshold.
Mumbai-Delhi,2024-06-10,1.97,-5.0% vs this route's past average,-9.7% vs similar-length routes this week,No,,No significant cost increase detected against the configured anomaly threshold.
Mumbai-Delhi,2024-06-17,2.1,+1.5% vs this route's past average,-4.3% vs similar-length routes this week,No,,No significant cost increase detected against the configured anomaly threshold.
Mumbai-Delhi,2024-06-24,2.09,+1.4% vs this route's past average,+0.4% vs similar-length routes this week,No,,No significant cost increase detected against the configured anomaly threshold.
Mumbai-Delhi,2024-07-01,1.97,-4.5% vs this route's past average,-7.1% vs similar-length routes this week,No,,No significant cost increase detected against the configured anomaly threshold.
Mumbai-Delhi,2024-07-08,2.08,+1.0% vs this route's past average,-2.1% vs similar-length routes this week,No,,No significant cost increase detected against the configured anomaly threshold.
Mumbai-Delhi,2024-07-15,2.03,-2.0% vs this route's past average,-5.4% vs similar-length routes this week,No,,No significant cost increase detected against the configured anomaly threshold.
Mumbai-Delhi,2024-07-22,2.1,+2.3% vs this route's past average,+8.0% vs similar-length routes this week,No,,No significant cost increase detected against the configured anomaly threshold.
Mumbai-Delhi,2024-07-29,2.06,+0.4% vs this route's past average,+3.4% vs similar-length routes this week,No,,No significant cost increase detected against the configured anomaly threshold.
Mumbai-Delhi,2024-08-05,2.03,-1.0% vs this route's past average,+1.6% vs similar-length routes this week,No,,No significant cost increase detected against the configured anomaly threshold.
Mumbai-Delhi,2024-08-12,2.0,-3.0% vs this route's past average,-4.9% vs similar-length routes this week,No,,No significant cost increase detected against the configured anomaly threshold.
Mumbai-Delhi,2024-08-19,2.04,-0.3% vs this route's past average,-1.6% vs similar-length routes this week,No,,No significant cost increase detected against the configured anomaly threshold.
Mumbai-Delhi,2024-08-26,1.98,-2.7% vs this route's past average,-6.6% vs similar-length routes this week,No,,No significant cost increase detected against the configured anomaly threshold.
Mumbai-Delhi,2024-09-02,1.98,-3.1% vs this route's past average,-6.4% vs similar-length routes this week,No,,No significant cost increase detected against the configured anomaly threshold.
Mumbai-Delhi,2024-09-09,1.99,-2.0% vs this route's past average,-6.3% vs similar-length routes this week,No,,No significant cost increase detected against the configured anomaly threshold.
Mumbai-Delhi,2024-09-16,2.06,+1.7% vs this route's past average,-4.3% vs similar-length routes this week,No,,No significant cost increase detected against the configured anomaly threshold.
Mumbai-Delhi,2024-09-23,2.04,+1.2% vs this route's past average,-3.6% vs similar-length routes this week,No,,No significant cost increase detected against the configured anomaly threshold.
Mumbai-Delhi,2024-09-30,2.06,+2.4% vs this route's past average,-0.2% vs similar-length routes this week,No,,No significant cost increase detected against the configured anomaly threshold.
Mumbai-Delhi,2024-10-07,2.13,+5.7% vs this route's past average,+7.0% vs similar-length routes this week,No,,No significant cost increase detected against the configured anomaly threshold.
Mumbai-Delhi,2024-10-14,2.04,+0.3% vs this route's past average,-6.9% vs similar-length routes this week,No,,No significant cost increase detected against the configured anomaly threshold.
Mumbai-Delhi,2024-10-21,1.97,-3.0% vs this route's past average,-9.5% vs similar-length routes this week,No,,No significant cost increase detected against the configured anomaly threshold.
Mumbai-Delhi,2024-10-28,2.0,-1.4% vs this route's past average,-2.0% vs similar-length routes this week,No,,No significant cost increase detected against the configured anomaly threshold.
Mumbai-Delhi,2024-11-04,2.02,-0.9% vs this route's past average,-5.6% vs similar-length routes this week,No,,No significant cost increase detected against the configured anomaly threshold.
Mumbai-Delhi,2024-11-11,2.1,+2.9% vs this route's past average,+2.9% vs similar-length routes this week,No,,No significant cost increase detected against the configured anomaly threshold.
Mumbai-Delhi,2024-11-18,2.06,+0.8% vs this route's past average,+3.6% vs similar-length routes this week,No,,No significant cost increase detected against the configured anomaly threshold.
Mumbai-Delhi,2024-11-25,1.95,-4.8% vs this route's past average,-1.9% vs similar-length routes this week,No,,No significant cost increase detected against the configured anomaly threshold.
Mumbai-Delhi,2024-12-02,2.06,+1.2% vs this route's past average,+4.6% vs similar-length routes this week,No,,No significant cost increase detected against the configured anomaly threshold.
Mumbai-Delhi,2024-12-09,2.0,-1.2% vs this route's past average,-7.7% vs similar-length routes this week,No,,No significant cost increase detected against the configured anomaly threshold.
Mumbai-Delhi,2024-12-16,2.0,-1.0% vs this route's past average,-1.8% vs similar-length routes this week,No,,No significant cost increase detected against the configured anomaly threshold.
Mumbai-Delhi,2024-12-23,2.05,+1.1% vs this route's past average,-2.0% vs similar-length routes this week,No,,No significant cost increase detected against the configured anomaly threshold.
Mumbai-Delhi,2024-12-30,1.99,-1.9% vs this route's past average,-8.3% vs similar-length routes this week,No,,No significant cost increase detected against the configured anomaly threshold.
Mumbai-Delhi,2025-01-06,2.08,+2.7% vs this route's past average,+3.0% vs similar-length routes this week,No,,No significant cost increase detected against the configured anomaly threshold.
Mumbai-Delhi,2025-01-13,2.03,+0.1% vs this route's past average,+1.5% vs similar-length routes this week,No,,No significant cost increase detected against the configured anomaly threshold.
Mumbai-Delhi,2025-01-20,2.09,+3.3% vs this route's past average,+6.4% vs similar-length routes this week,No,,No significant cost increase detected against the configured anomaly threshold.
Mumbai-Delhi,2025-01-27,1.98,-2.7% vs this route's past average,-9.1% vs similar-length routes this week,No,,No significant cost increase detected against the configured anomaly threshold.
Mumbai-Delhi,2025-02-03,2.04,+0.5% vs this route's past average,-8.0% vs similar-length routes this week,No,,No significant cost increase detected against the configured anomaly threshold.
Mumbai-Delhi,2025-02-10,2.01,-1.2% vs this route's past average,-1.6% vs similar-length routes this week,No,,No significant cost increase detected against the configured anomaly threshold.
Mumbai-Delhi,2025-02-17,1.98,-2.4% vs this route's past average,-10.6% vs similar-length routes this week,No,,No significant cost increase detected against the configured anomaly threshold.
Mumbai-Delhi,2025-02-24,2.05,+1.5% vs this route's past average,-1.0% vs similar-length routes this week,No,,No significant cost increase detected against the configured anomaly threshold.
Mumbai-Delhi,2025-03-03,2.02,-0.5% vs this route's past average,-6.0% vs similar-length routes this week,No,,No significant cost increase detected against the configured anomaly threshold.
Mumbai-Delhi,2025-03-10,2.05,+1.4% vs this route's past average,-3.1% vs similar-length routes this week,No,,No significant cost increase detected against the configured anomaly threshold.
Mumbai-Delhi,2025-03-17,2.05,+1.2% vs this route's past average,-1.4% vs similar-length routes this week,No,,No significant cost increase detected against the configured anomaly threshold.
Mumbai-Delhi,2025-03-24,2.06,+1.6% vs this route's past average,+3.5% vs similar-length routes this week,No,,No significant cost increase detected against the configured anomaly threshold.
Mumbai-Delhi,2025-03-31,2.03,-0.1% vs this route's past average,-0.8% vs similar-length routes this week,No,,No significant cost increase detected against the configured anomaly threshold.
Mumbai-Delhi,2025-04-07,2.03,-0.1% vs this route's past average,-8.1% vs similar-length routes this week,No,,No significant cost increase detected against the configured anomaly threshold.
Mumbai-Delhi,2025-04-14,1.99,-2.2% vs this route's past average,+0.4% vs similar-length routes this week,No,,No significant cost increase detected against the configured anomaly threshold.
Mumbai-Delhi,2025-04-21,2.0,-1.6% vs this route's past average,-2.9% vs similar-length routes this week,No,,No significant cost increase detected against the configured anomaly threshold.
Mumbai-Delhi,2025-04-28,1.99,-2.2% vs this route's past average,-4.0% vs similar-length routes this week,No,,No significant cost increase detected against the configured anomaly threshold.
Mumbai-Delhi,2025-05-05,2.17,+7.3% vs this route's past average,-1.2% vs similar-length routes this week,No,,No significant cost increase detected against the configured anomaly threshold.
Mumbai-Delhi,2025-05-12,2.28,+11.6% vs this route's past average,+6.7% vs similar-length routes this week,No,,No significant cost increase detected against the configured anomaly threshold.
Mumbai-Delhi,2025-05-19,2.12,+2.5% vs this route's past average,+0.5% vs similar-length routes this week,No,,No significant cost increase detected against the configured anomaly threshold.
Mumbai-Delhi,2025-05-26,2.19,+5.3% vs this route's past average,+3.6% vs similar-length routes this week,No,,No significant cost increase detected against the configured anomaly threshold.
Mumbai-Delhi,2025-06-02,2.26,+7.7% vs this route's past average,+9.4% vs similar-length routes this week,No,,No significant cost increase detected against the configured anomaly threshold.
Mumbai-Delhi,2025-06-09,2.21,+4.0% vs this route's past average,+0.5% vs similar-length routes this week,No,,No significant cost increase detected against the configured anomaly threshold.
Mumbai-Delhi,2025-06-16,2.25,+4.6% vs this route's past average,+9.3% vs similar-length routes this week,No,,No significant cost increase detected against the configured anomaly threshold.
Mumbai-Delhi,2025-06-23,2.22,+1.9% vs this route's past average,+8.7% vs similar-length routes this week,No,,No significant cost increase detected against the configured anomaly threshold.
Mumbai-Delhi,2025-06-30,2.13,-3.5% vs this route's past average,-0.9% vs similar-length routes this week,No,,No significant cost increase detected against the configured anomaly threshold.
Mumbai-Delhi,2025-07-07,2.12,-4.1% vs this route's past average,+7.0% vs similar-length routes this week,No,,No significant cost increase detected against the configured anomaly threshold.
Mumbai-Delhi,2025-07-14,2.12,-3.2% vs this route's past average,-2.5% vs similar-length routes this week,No,,No significant cost increase detected against the configured anomaly threshold.
Mumbai-Delhi,2025-07-21,2.21,+0.8% vs this route's past average,+8.2% vs similar-length routes this week,No,,No significant cost increase detected against the configured anomaly threshold.
Mumbai-Delhi,2025-07-28,2.23,+1.9% vs this route's past average,+8.2% vs similar-length routes this week,No,,No significant cost increase detected against the configured anomaly threshold.
Mumbai-Delhi,2025-08-04,2.11,-3.5% vs this route's past average,-3.1% vs similar-length routes this week,No,,No significant cost increase detected against the configured anomaly threshold.
Mumbai-Delhi,2025-08-11,2.16,-0.5% vs this route's past average,+8.8% vs similar-length routes this week,No,,No significant cost increase detected against the configured anomaly threshold.
Mumbai-Delhi,2025-08-18,2.22,+2.8% vs this route's past average,+10.7% vs similar-length routes this week,No,,No significant cost increase detected against the configured anomaly threshold.
Mumbai-Delhi,2025-08-25,2.1,-2.8% vs this route's past average,+4.2% vs similar-length routes this week,No,,No significant cost increase detected against the configured anomaly threshold.
Mumbai-Delhi,2025-09-01,2.17,+0.7% vs this route's past average,+2.0% vs similar-length routes this week,No,,No significant cost increase detected against the configured anomaly threshold.
Mumbai-Delhi,2025-09-08,2.1,-3.2% vs this route's past average,-2.4% vs similar-length routes this week,No,,No significant cost increase detected against the configured anomaly threshold.
Mumbai-Delhi,2025-09-15,2.18,+0.6% vs this route's past average,+5.8% vs similar-length routes this week,No,,No significant cost increase detected against the configured anomaly threshold.
Mumbai-Delhi,2025-09-22,2.22,+2.7% vs this route's past average,+11.9% vs similar-length routes this week,No,,No significant cost increase detected against the configured anomaly threshold.
Mumbai-Delhi,2025-09-29,2.18,+1.3% vs this route's past average,+4.8% vs similar-length routes this week,No,,No significant cost increase detected against the configured anomaly threshold.
Mumbai-Delhi,2025-10-06,2.27,+4.6% vs this route's past average,+7.5% vs similar-length routes this week,No,,No significant cost increase detected against the configured anomaly threshold.
Mumbai-Delhi,2025-10-13,2.14,-1.7% vs this route's past average,+4.4% vs similar-length routes this week,No,,No significant cost increase detected against the configured anomaly threshold.
Mumbai-Delhi,2025-10-20,2.11,-2.7% vs this route's past average,+2.0% vs similar-length routes this week,No,,No significant cost increase detected against the configured anomaly threshold.
Mumbai-Delhi,2025-10-27,2.12,-2.4% vs this route's past average,-2.8% vs similar-length routes this week,No,,No significant cost increase detected against the configured anomaly threshold.
Mumbai-Delhi,2025-11-03,2.13,-1.5% vs this route's past average,+4.7% vs similar-length routes this week,No,,No significant cost increase detected against the configured anomaly threshold.
Mumbai-Delhi,2025-11-10,2.12,-2.5% vs this route's past average,-3.8% vs similar-length routes this week,No,,No significant cost increase detected against the configured anomaly threshold.
Mumbai-Delhi,2025-11-17,2.11,-2.4% vs this route's past average,+5.4% vs similar-length routes this week,No,,No significant cost increase detected against the configured anomaly threshold.
Mumbai-Delhi,2025-11-24,2.24,+4.2% vs this route's past average,+10.3% vs similar-length routes this week,No,,No significant cost increase detected against the configured anomaly threshold.
Mumbai-Delhi,2025-12-01,2.15,-0.2% vs this route's past average,+3.8% vs similar-length routes this week,No,,No significant cost increase detected against the configured anomaly threshold.
Mumbai-Delhi,2025-12-08,2.17,+1.2% vs this route's past average,+9.2% vs similar-length routes this week,No,,No significant cost increase detected against the configured anomaly threshold.
Mumbai-Delhi,2025-12-15,2.14,+0.1% vs this route's past average,+9.0% vs similar-length routes this week,No,,No significant cost increase detected against the configured anomaly threshold.
Mumbai-Delhi,2025-12-22,2.22,+3.2% vs this route's past average,+11.3% vs similar-length routes this week,No,,No significant cost increase detected against the configured anomaly threshold.
Mumbai-Pune,2024-01-01,3.3,N/A,+10.0% vs similar-length routes this week,No,,No significant cost increase detected against the configured anomaly threshold.
Mumbai-Pune,2024-01-08,3.38,+2.4% vs this route's past average,+10.8% vs similar-length routes this week,No,,No significant cost increase detected against the configured anomaly threshold.
Mumbai-Pune,2024-01-15,3.41,+2.1% vs this route's past average,+13.0% vs similar-length routes this week,No,,No significant cost increase detected against the configured anomaly threshold.
Mumbai-Pune,2024-01-22,3.38,+0.4% vs this route's past average,+13.0% vs similar-length routes this week,No,,No significant cost increase detected against the configured anomaly threshold.
Mumbai-Pune,2024-01-29,3.28,-2.6% vs this route's past average,+2.7% vs similar-length routes this week,No,,No significant cost increase detected against the configured anomaly threshold.
Mumbai-Pune,2024-02-05,3.29,-1.8% vs this route's past average,+9.0% vs similar-length routes this week,No,,No significant cost increase detected against the configured anomaly threshold.
Mumbai-Pune,2024-02-12,3.28,-1.8% vs this route's past average,+5.4% vs similar-length routes this week,No,,No significant cost increase detected against the configured anomaly threshold.
Mumbai-Pune,2024-02-19,3.38,+1.4% vs this route's past average,+12.9% vs similar-length routes this week,No,,No significant cost increase detected against the configured anomaly threshold.
Mumbai-Pune,2024-02-26,3.25,-2.6% vs this route's past average,+5.0% vs similar-length routes this week,No,,No significant cost increase detected against the configured anomaly threshold.
Mumbai-Pune,2024-03-04,3.41,+2.3% vs this route's past average,+13.6% vs similar-length routes this week,No,,No significant cost increase detected against the configured anomaly threshold.
Mumbai-Pune,2024-03-11,3.34,+0.2% vs this route's past average,+7.3% vs similar-length routes this week,No,,No significant cost increase detected against the configured anomaly threshold.
Mumbai-Pune,2024-03-18,3.41,+2.7% vs this route's past average,+10.9% vs similar-length routes this week,No,,No significant cost increase detected against the configured anomaly threshold.
Mumbai-Pune,2024-03-25,3.53,+6.1% vs this route's past average,+11.3% vs similar-length routes this week,No,,No significant cost increase detected against the configured anomaly threshold.
Mumbai-Pune,2024-04-01,3.33,-1.0% vs this route's past average,+11.3% vs similar-length routes this week,No,,No significant cost increase detected against the configured anomaly threshold.
Mumbai-Pune,2024-04-08,3.49,+3.7% vs this route's past average,+11.7% vs similar-length routes this week,No,,No significant cost increase detected against the configured anomaly threshold.
Mumbai-Pune,2024-04-15,3.57,+5.2% vs this route's past average,+11.5% vs similar-length routes this week,No,,No significant cost increase detected against the configured anomaly threshold.
Mumbai-Pune,2024-04-22,3.33,-2.7% vs this route's past average,+8.7% vs similar-length routes this week,No,,No significant cost increase detected against the configured anomaly threshold.
Mumbai-Pune,2024-04-29,3.52,+2.6% vs this route's past average,+14.4% vs similar-length routes this week,No,,No significant cost increase detected against the configured anomaly threshold.
Mumbai-Pune,2024-05-06,3.5,+1.9% vs this route's past average,+13.2% vs similar-length routes this week,No,,No significant cost increase detected against the configured anomaly threshold.
Mumbai-Pune,2024-05-13,3.3,-4.6% vs this route's past average,+7.9% vs similar-length routes this week,No,,No significant cost increase detected against the configured anomaly threshold.
Mumbai-Pune,2024-05-20,3.34,-3.0% vs this route's past average,+9.4% vs similar-length routes this week,No,,No significant cost increase detected against the configured anomaly threshold.
Mumbai-Pune,2024-05-27,3.44,+0.6% vs this route's past average,+10.9% vs similar-length routes this week,No,,No significant cost increase detected against the configured anomaly threshold.
Mumbai-Pune,2024-06-03,3.38,-1.7% vs this route's past average,+7.6% vs similar-length routes this week,No,,No significant cost increase detected against the configured anomaly threshold.
Mumbai-Pune,2024-06-10,3.53,+3.2% vs this route's past average,+16.6% vs similar-length routes this week,No,,No significant cost increase detected against the configured anomaly threshold.
Mumbai-Pune,2024-06-17,3.33,-2.5% vs this route's past average,+4.9% vs similar-length routes this week,No,,No significant cost increase detected against the configured anomaly threshold.
Mumbai-Pune,2024-06-24,3.35,-2.0% vs this route's past average,+8.1% vs similar-length routes this week,No,,No significant cost increase detected against the configured anomaly threshold.
Mumbai-Pune,2024-07-01,3.37,-0.9% vs this route's past average,+5.5% vs similar-length routes this week,No,,No significant cost increase detected against the configured anomaly threshold.
Mumbai-Pune,2024-07-08,3.55,+4.9% vs this route's past average,+13.8% vs similar-length routes this week,No,,No significant cost increase detected against the configured anomaly threshold.
Mumbai-Pune,2024-07-15,3.44,+0.9% vs this route's past average,+11.5% vs similar-length routes this week,No,,No significant cost increase detected against the configured anomaly threshold.
Mumbai-Pune,2024-07-22,3.52,+2.7% vs this route's past average,+12.4% vs similar-length routes this week,No,,No significant cost increase detected against the configured anomaly threshold.
Mumbai-Pune,2024-07-29,3.39,-1.3% vs this route's past average,+7.7% vs similar-length routes this week,No,,No significant cost increase detected against the configured anomaly threshold.
Mumbai-Pune,2024-08-05,3.37,-1.9% vs this route's past average,+10.3% vs similar-length routes this week,No,,No significant cost increase detected against the configured anomaly threshold.
Mumbai-Pune,2024-08-12,3.35,-2.0% vs this route's past average,+11.4% vs similar-length routes this week,No,,No significant cost increase detected against the configured anomaly threshold.
Mumbai-Pune,2024-08-19,3.42,+0.2% vs this route's past average,+11.3% vs similar-length routes this week,No,,No significant cost increase detected against the configured anomaly threshold.
Mumbai-Pune,2024-08-26,3.39,-1.0% vs this route's past average,+9.2% vs similar-length routes this week,No,,No significant cost increase detected against the configured anomaly threshold.
Mumbai-Pune,2024-09-02,3.29,-4.1% vs this route's past average,+6.7% vs similar-length routes this week,No,,No significant cost increase detected against the configured anomaly threshold.
Mumbai-Pune,2024-09-09,3.28,-3.6% vs this route's past average,+3.3% vs similar-length routes this week,No,,No significant cost increase detected against the configured anomaly threshold.
Mumbai-Pune,2024-09-16,3.43,+1.6% vs this route's past average,+8.4% vs similar-length routes this week,No,,No significant cost increase detected against the configured anomaly threshold.
Mumbai-Pune,2024-09-23,3.47,+3.1% vs this route's past average,+10.0% vs similar-length routes this week,No,,No significant cost increase detected against the configured anomaly threshold.
Mumbai-Pune,2024-09-30,3.42,+1.4% vs this route's past average,+13.5% vs similar-length routes this week,No,,No significant cost increase detected against the configured anomaly threshold.
Mumbai-Pune,2024-10-07,3.51,+3.9% vs this route's past average,+13.8% vs similar-length routes this week,No,,No significant cost increase detected against the configured anomaly threshold.
Mumbai-Pune,2024-10-14,3.35,-1.4% vs this route's past average,+8.4% vs similar-length routes this week,No,,No significant cost increase detected against the configured anomaly threshold.
Mumbai-Pune,2024-10-21,3.34,-1.6% vs this route's past average,+8.4% vs similar-length routes this week,No,,No significant cost increase detected against the configured anomaly threshold.
Mumbai-Pune,2024-10-28,3.49,+3.1% vs this route's past average,+15.1% vs similar-length routes this week,No,,No significant cost increase detected against the configured anomaly threshold.
Mumbai-Pune,2024-11-04,3.42,+0.3% vs this route's past average,+13.8% vs similar-length routes this week,No,,No significant cost increase detected against the configured anomaly threshold.
Mumbai-Pune,2024-11-11,3.45,+0.5% vs this route's past average,-17.4% vs similar-length routes this week,No,,No significant cost increase detected against the configured anomaly threshold.
Mumbai-Pune,2024-11-18,3.42,-0.4% vs this route's past average,-16.4% vs similar-length routes this week,No,,No significant cost increase detected against the configured anomaly threshold.
Mumbai-Pune,2024-11-25,3.43,+0.2% vs this route's past average,+12.2% vs similar-length routes this week,No,,No significant cost increase detected against the configured anomaly threshold.
Mumbai-Pune,2024-12-02,3.44,+0.4% vs this route's past average,+13.0% vs similar-length routes this week,No,,No significant cost increase detected against the configured anomaly threshold.
Mumbai-Pune,2024-12-09,3.43,+0.3% vs this route's past average,+6.4% vs similar-length routes this week,No,,No significant cost increase detected against the configured anomaly threshold.
Mumbai-Pune,2024-12-16,3.55,+3.5% vs this route's past average,+15.3% vs similar-length routes this week,No,,No significant cost increase detected against the configured anomaly threshold.
Mumbai-Pune,2024-12-23,3.51,+1.5% vs this route's past average,+12.7% vs similar-length routes this week,No,,No significant cost increase detected against the configured anomaly threshold.
Mumbai-Pune,2024-12-30,3.4,-1.5% vs this route's past average,+5.7% vs similar-length routes this week,No,,No significant cost increase detected against the configured anomaly threshold.
Mumbai-Pune,2025-01-06,3.5,+1.3% vs this route's past average,+10.4% vs similar-length routes this week,No,,No significant cost increase detected against the configured anomaly threshold.
Mumbai-Pune,2025-01-13,3.53,+2.0% vs this route's past average,+15.8% vs similar-length routes this week,No,,No significant cost increase detected against the configured anomaly threshold.
Mumbai-Pune,2025-01-20,3.5,+0.9% vs this route's past average,+14.4% vs similar-length routes this week,No,,No significant cost increase detected against the configured anomaly threshold.
Mumbai-Pune,2025-01-27,3.39,-2.7% vs this route's past average,+7.7% vs similar-length routes this week,No,,No significant cost increase detected against the configured anomaly threshold.
Mumbai-Pune,2025-02-03,3.33,-4.1% vs this route's past average,+10.5% vs similar-length routes this week,No,,No significant cost increase detected against the configured anomaly threshold.
Mumbai-Pune,2025-02-10,3.39,-2.2% vs this route's past average,+13.3% vs similar-length routes this week,No,,No significant cost increase detected against the configured anomaly threshold.
Mumbai-Pune,2025-02-17,3.41,-1.0% vs this route's past average,+10.1% vs similar-length routes this week,No,,No significant cost increase detected against the configured anomaly threshold.
Mumbai-Pune,2025-02-24,3.41,-0.6% vs this route's past average,+10.6% vs similar-length routes this week,No,,No significant cost increase detected against the configured anomaly threshold.
Mumbai-Pune,2025-03-03,3.5,+2.0% vs this route's past average,+8.7% vs similar-length routes this week,No,,No significant cost increase detected against the configured anomaly threshold.
Mumbai-Pune,2025-03-10,3.52,+2.4% vs this route's past average,+10.4% vs similar-length routes this week,No,,No significant cost increase detected against the configured anomaly threshold.
Mumbai-Pune,2025-03-17,3.39,-1.2% vs this route's past average,+10.1% vs similar-length routes this week,No,,No significant cost increase detected against the configured anomaly threshold.
Mumbai-Pune,2025-03-24,3.35,-2.0% vs this route's past average,+6.6% vs similar-length routes this week,No,,No significant cost increase detected against the configured anomaly threshold.
Mumbai-Pune,2025-03-31,3.23,-5.3% vs this route's past average,+5.8% vs similar-length routes this week,No,,No significant cost increase detected against the configured anomaly threshold.
Mumbai-Pune,2025-04-07,3.53,+3.7% vs this route's past average,+10.6% vs similar-length routes this week,No,,No significant cost increase detected against the configured anomaly threshold.
Mumbai-Pune,2025-04-14,3.4,-0.5% vs this route's past average,+13.5% vs similar-length routes this week,No,,No significant cost increase detected against the configured anomaly threshold.
Mumbai-Pune,2025-04-21,3.29,-3.6% vs this route's past average,+7.2% vs similar-length routes this week,No,,No significant cost increase detected against the configured anomaly threshold.
Mumbai-Pune,2025-04-28,3.41,+0.4% vs this route's past average,+12.6% vs similar-length routes this week,No,,No significant cost increase detected against the configured anomaly threshold.
Mumbai-Pune,2025-05-05,3.61,+6.6% vs this route's past average,+8.8% vs similar-length routes this week,No,,No significant cost increase detected against the configured anomaly threshold.
Mumbai-Pune,2025-05-12,3.59,+5.6% vs this route's past average,+12.8% vs similar-length routes this week,No,,No significant cost increase detected against the configured anomaly threshold.
Mumbai-Pune,2025-05-19,3.47,+1.3% vs this route's past average,+4.5% vs similar-length routes this week,No,,No significant cost increase detected against the configured anomaly threshold.
Mumbai-Pune,2025-05-26,3.48,+1.0% vs this route's past average,+6.0% vs similar-length routes this week,No,,No significant cost increase detected against the configured anomaly threshold.
Mumbai-Pune,2025-06-02,3.57,+2.8% vs this route's past average,+13.6% vs similar-length routes this week,No,,No significant cost increase detected against the configured anomaly threshold.
Mumbai-Pune,2025-06-09,3.47,-0.2% vs this route's past average,+6.0% vs similar-length routes this week,No,,No significant cost increase detected against the configured anomaly threshold.
Mumbai-Pune,2025-06-16,3.72,+6.6% vs this route's past average,+13.0% vs similar-length routes this week,No,,No significant cost increase detected against the configured anomaly threshold.
Mumbai-Pune,2025-06-23,3.76,+6.2% vs this route's past average,+20.6% vs similar-length routes this week,Yes,,"The closest note (N002, 2025-01-20) mentions ""A regional festival week saw a temporary surcharge applied b..."" -- it does not describe a reason for a cost rise on this route. No genuine justification found; flagged for review."
Mumbai-Pune,2025-06-30,3.54,-1.2% vs this route's past average,+6.3% vs similar-length routes this week,No,,No significant cost increase detected against the configured anomaly threshold.
Mumbai-Pune,2025-07-07,3.64,+1.8% vs this route's past average,+12.7% vs similar-length routes this week,No,,No significant cost increase detected against the configured anomaly threshold.
Mumbai-Pune,2025-07-14,3.59,+0.2% vs this route's past average,+5.9% vs similar-length routes this week,No,,No significant cost increase detected against the configured anomaly threshold.
Mumbai-Pune,2025-07-21,3.53,-1.9% vs this route's past average,+10.0% vs similar-length routes this week,No,,No significant cost increase detected against the configured anomaly threshold.
Mumbai-Pune,2025-07-28,3.56,-1.1% vs this route's past average,+6.8% vs similar-length routes this week,No,,No significant cost increase detected against the configured anomaly threshold.
Mumbai-Pune,2025-08-04,3.73,+3.4% vs this route's past average,+11.6% vs similar-length routes this week,No,,No significant cost increase detected against the configured anomaly threshold.
Mumbai-Pune,2025-08-11,3.53,-2.9% vs this route's past average,+4.7% vs similar-length routes this week,No,,No significant cost increase detected against the configured anomaly threshold.
Mumbai-Pune,2025-08-18,3.79,+4.8% vs this route's past average,+15.5% vs similar-length routes this week,No,,No significant cost increase detected against the configured anomaly threshold.
Mumbai-Pune,2025-08-25,3.63,+0.5% vs this route's past average,+12.4% vs similar-length routes this week,No,,No significant cost increase detected against the configured anomaly threshold.
Mumbai-Pune,2025-09-01,3.67,+1.2% vs this route's past average,+6.3% vs similar-length routes this week,No,,No significant cost increase detected against the configured anomaly threshold.
Mumbai-Pune,2025-09-08,3.72,+2.5% vs this route's past average,+14.4% vs similar-length routes this week,No,,No significant cost increase detected against the configured anomaly threshold.
Mumbai-Pune,2025-09-15,3.98,+9.2% vs this route's past average,+23.6% vs similar-length routes this week,Yes,,"The closest note (N002, 2025-01-20) mentions ""A regional festival week saw a temporary surcharge applied b..."" -- it does not describe a reason for a cost rise on this route. No genuine justification found; flagged for review."
Mumbai-Pune,2025-09-22,3.8,+2.6% vs this route's past average,+18.2% vs similar-length routes this week,No,,No significant cost increase detected against the configured anomaly threshold.
Mumbai-Pune,2025-09-29,3.82,+2.4% vs this route's past average,+11.2% vs similar-length routes this week,No,,No significant cost increase detected against the configured anomaly threshold.
Mumbai-Pune,2025-10-06,3.94,+5.4% vs this route's past average,+22.9% vs similar-length routes this week,Yes,,"The closest note (N002, 2025-01-20) mentions ""A regional festival week saw a temporary surcharge applied b..."" -- it does not describe a reason for a cost rise on this route. No genuine justification found; flagged for review."
Mumbai-Pune,2025-10-13,3.87,+1.9% vs this route's past average,+17.0% vs similar-length routes this week,No,,No significant cost increase detected against the configured anomaly threshold.
Mumbai-Pune,2025-10-20,4.1,+7.7% vs this route's past average,+24.8% vs similar-length routes this week,Yes,,"The closest note (N002, 2025-01-20) mentions ""A regional festival week saw a temporary surcharge applied b..."" -- it does not describe a reason for a cost rise on this route. No genuine justification found; flagged for review."
Mumbai-Pune,2025-10-27,4.07,+5.5% vs this route's past average,+28.3% vs similar-length routes this week,Yes,,"The closest note (N002, 2025-01-20) mentions ""A regional festival week saw a temporary surcharge applied b..."" -- it does not describe a reason for a cost rise on this route. No genuine justification found; flagged for review."
Mumbai-Pune,2025-11-03,4.2,+7.4% vs this route's past average,+24.1% vs similar-length routes this week,Yes,,"The closest note (N002, 2025-01-20) mentions ""A regional festival week saw a temporary surcharge applied b..."" -- it does not describe a reason for a cost rise on this route. No genuine justification found; flagged for review."
Mumbai-Pune,2025-11-10,3.97,-0.1% vs this route's past average,+21.4% vs similar-length routes this week,Yes,,"The closest note (N002, 2025-01-20) mentions ""A regional festival week saw a temporary surcharge applied b..."" -- it does not describe a reason for a cost rise on this route. No genuine justification found; flagged for review."
Mumbai-Pune,2025-11-17,4.32,+8.9% vs this route's past average,+31.6% vs similar-length routes this week,Yes,,"The closest note (N002, 2025-01-20) mentions ""A regional festival week saw a temporary surcharge applied b..."" -- it does not describe a reason for a cost rise on this route. No genuine justification found; flagged for review."
Mumbai-Pune,2025-11-24,4.16,+3.0% vs this route's past average,+23.0% vs similar-length routes this week,Yes,,"The closest note (N002, 2025-01-20) mentions ""A regional festival week saw a temporary surcharge applied b..."" -- it does not describe a reason for a cost rise on this route. No genuine justification found; flagged for review."
Mumbai-Pune,2025-12-01,4.39,+7.7% vs this route's past average,+37.4% vs similar-length routes this week,Yes,,"The closest note (N002, 2025-01-20) mentions ""A regional festival week saw a temporary surcharge applied b..."" -- it does not describe a reason for a cost rise on this route. No genuine justification found; flagged for review."
Mumbai-Pune,2025-12-08,4.43,+7.2% vs this route's past average,+38.8% vs similar-length routes this week,Yes,,"The closest note (N002, 2025-01-20) mentions ""A regional festival week saw a temporary surcharge applied b..."" -- it does not describe a reason for a cost rise on this route. No genuine justification found; flagged for review."
Mumbai-Pune,2025-12-15,4.39,+4.4% vs this route's past average,+35.5% vs similar-length routes this week,Yes,,"The closest note (N002, 2025-01-20) mentions ""A regional festival week saw a temporary surcharge applied b..."" -- it does not describe a reason for a cost rise on this route. No genuine justification found; flagged for review."
Mumbai-Pune,2025-12-22,4.49,+5.7% vs this route's past average,+38.9% vs similar-length routes this week,Yes,,"The closest note (N002, 2025-01-20) mentions ""A regional festival week saw a temporary surcharge applied b..."" -- it does not describe a reason for a cost rise on this route. No genuine justification found; flagged for review."
